url,date,selector,notes ,tonalité
https://www.boiteachansons.net/partitions/francis-cabrel/je-l-aime-a-mourir,2023-01-07T13:53:04.995Z,#diagAccords div.dNomAcc,C,
https://www.boiteachansons.net/partitions/francis-cabrel/je-l-aime-a-mourir,2023-01-07T13:53:04.995Z,#diagAccords div.dNomAcc,C/B,
https://www.boiteachansons.net/partitions/francis-cabrel/je-l-aime-a-mourir,2023-01-07T13:53:04.995Z,#diagAccords div.dNomAcc,G/D,
https://www.boiteachansons.net/partitions/francis-cabrel/je-l-aime-a-mourir,2023-01-07T13:53:04.995Z,#diagAccords div.dNomAcc,Am,
https://www.boiteachansons.net/partitions/francis-cabrel/je-l-aime-a-mourir,2023-01-07T13:53:04.995Z,#diagAccords div.dNomAcc,Dm,
https://www.boiteachansons.net/partitions/francis-cabrel/je-l-aime-a-mourir,2023-01-07T13:53:04.995Z,#diagAccords div.dNomAcc,F,
https://www.boiteachansons.net/partitions/francis-cabrel/je-l-aime-a-mourir,2023-01-07T13:53:04.995Z,#diagAccords div.dNomAcc,G7,
https://www.boiteachansons.net/partitions/francis-cabrel/je-l-aime-a-mourir,2023-01-07T13:53:04.995Z,#diagAccords div.dNomAcc,E,
https://www.boiteachansons.net/partitions/francis-cabrel/je-l-aime-a-mourir,2023-01-07T13:53:04.995Z,#diagAccords div.dNomAcc,G,
https://www.boiteachansons.net/partitions/francis-cabrel/je-l-aime-a-mourir,2023-01-07T13:53:04.995Z,#diagAccords div.dNomAcc,B♭,
https://www.boiteachansons.net/partitions/francis-cabrel/je-l-aime-a-mourir,2023-01-07T13:53:04.995Z,li.liTonalElmtSlct,,C
https://www.boiteachansons.net/partitions/jeff-buckley/hallelujah,2023-01-07T13:53:07.106Z,#diagAccords div.dNomAcc,G,
https://www.boiteachansons.net/partitions/jeff-buckley/hallelujah,2023-01-07T13:53:07.106Z,#diagAccords div.dNomAcc,Em,
https://www.boiteachansons.net/partitions/jeff-buckley/hallelujah,2023-01-07T13:53:07.106Z,#diagAccords div.dNomAcc,C,
https://www.boiteachansons.net/partitions/jeff-buckley/hallelujah,2023-01-07T13:53:07.106Z,#diagAccords div.dNomAcc,D,
https://www.boiteachansons.net/partitions/jeff-buckley/hallelujah,2023-01-07T13:53:07.106Z,#diagAccords div.dNomAcc,B7,
https://www.boiteachansons.net/partitions/jeff-buckley/hallelujah,2023-01-07T13:53:07.106Z,li.liTonalElmtSlct,,G
https://www.boiteachansons.net/partitions/jean-ferrat/la-montagne,2023-01-07T13:53:08.372Z,#diagAccords div.dNomAcc,G,
https://www.boiteachansons.net/partitions/jean-ferrat/la-montagne,2023-01-07T13:53:08.372Z,#diagAccords div.dNomAcc,Em,
https://www.boiteachansons.net/partitions/jean-ferrat/la-montagne,2023-01-07T13:53:08.372Z,#diagAccords div.dNomAcc,C,
https://www.boiteachansons.net/partitions/jean-ferrat/la-montagne,2023-01-07T13:53:08.372Z,#diagAccords div.dNomAcc,D,
https://www.boiteachansons.net/partitions/jean-ferrat/la-montagne,2023-01-07T13:53:08.372Z,#diagAccords div.dNomAcc,Am,
https://www.boiteachansons.net/partitions/jean-ferrat/la-montagne,2023-01-07T13:53:08.372Z,#diagAccords div.dNomAcc,D7,
https://www.boiteachansons.net/partitions/jean-ferrat/la-montagne,2023-01-07T13:53:08.372Z,#diagAccords div.dNomAcc,Bm,
https://www.boiteachansons.net/partitions/jean-ferrat/la-montagne,2023-01-07T13:53:08.372Z,#diagAccords div.dNomAcc,G7,
https://www.boiteachansons.net/partitions/jean-ferrat/la-montagne,2023-01-07T13:53:08.372Z,li.liTonalElmtSlct,,G
https://www.boiteachansons.net/partitions/vianney/beau-papa,2023-01-07T13:53:09.534Z,#diagAccords div.dNomAcc,Am,
https://www.boiteachansons.net/partitions/vianney/beau-papa,2023-01-07T13:53:09.534Z,#diagAccords div.dNomAcc,Dm7,
https://www.boiteachansons.net/partitions/vianney/beau-papa,2023-01-07T13:53:09.534Z,#diagAccords div.dNomAcc,G,
https://www.boiteachansons.net/partitions/vianney/beau-papa,2023-01-07T13:53:09.534Z,#diagAccords div.dNomAcc,Em,
https://www.boiteachansons.net/partitions/vianney/beau-papa,2023-01-07T13:53:09.534Z,#diagAccords div.dNomAcc,F,
https://www.boiteachansons.net/partitions/vianney/beau-papa,2023-01-07T13:53:09.534Z,#diagAccords div.dNomAcc,Dm,
https://www.boiteachansons.net/partitions/vianney/beau-papa,2023-01-07T13:53:09.534Z,li.liTonalElmtSlct,,A
https://www.boiteachansons.net/partitions/nino-ferrer/le-sud,2023-01-07T13:53:10.319Z,#diagAccords div.dNomAcc,C,
https://www.boiteachansons.net/partitions/nino-ferrer/le-sud,2023-01-07T13:53:10.319Z,#diagAccords div.dNomAcc,Em/B,
https://www.boiteachansons.net/partitions/nino-ferrer/le-sud,2023-01-07T13:53:10.319Z,#diagAccords div.dNomAcc,Am,
https://www.boiteachansons.net/partitions/nino-ferrer/le-sud,2023-01-07T13:53:10.319Z,#diagAccords div.dNomAcc,C/G,
https://www.boiteachansons.net/partitions/nino-ferrer/le-sud,2023-01-07T13:53:10.319Z,#diagAccords div.dNomAcc,D7/F♯,
https://www.boiteachansons.net/partitions/nino-ferrer/le-sud,2023-01-07T13:53:10.319Z,#diagAccords div.dNomAcc,Fm,
https://www.boiteachansons.net/partitions/nino-ferrer/le-sud,2023-01-07T13:53:10.319Z,#diagAccords div.dNomAcc,F,
https://www.boiteachansons.net/partitions/nino-ferrer/le-sud,2023-01-07T13:53:10.319Z,#diagAccords div.dNomAcc,Em,
https://www.boiteachansons.net/partitions/nino-ferrer/le-sud,2023-01-07T13:53:10.319Z,#diagAccords div.dNomAcc,C7,
https://www.boiteachansons.net/partitions/nino-ferrer/le-sud,2023-01-07T13:53:10.319Z,#diagAccords div.dNomAcc,Am7/G,
https://www.boiteachansons.net/partitions/nino-ferrer/le-sud,2023-01-07T13:53:10.319Z,#diagAccords div.dNomAcc,D/F♯,
https://www.boiteachansons.net/partitions/nino-ferrer/le-sud,2023-01-07T13:53:10.319Z,#diagAccords div.dNomAcc,D4/G,
https://www.boiteachansons.net/partitions/nino-ferrer/le-sud,2023-01-07T13:53:10.319Z,#diagAccords div.dNomAcc,D/A,
https://www.boiteachansons.net/partitions/nino-ferrer/le-sud,2023-01-07T13:53:10.319Z,#diagAccords div.dNomAcc,D/B,
https://www.boiteachansons.net/partitions/nino-ferrer/le-sud,2023-01-07T13:53:10.319Z,#diagAccords div.dNomAcc,Dm7/C,
https://www.boiteachansons.net/partitions/nino-ferrer/le-sud,2023-01-07T13:53:10.319Z,#diagAccords div.dNomAcc,Dm7,
https://www.boiteachansons.net/partitions/nino-ferrer/le-sud,2023-01-07T13:53:10.319Z,#diagAccords div.dNomAcc,Dm7/G,
https://www.boiteachansons.net/partitions/nino-ferrer/le-sud,2023-01-07T13:53:10.319Z,li.liTonalElmtSlct,,C
https://www.boiteachansons.net/partitions/francis-cabrel/la-corrida,2023-01-07T13:53:11.441Z,#diagAccords div.dNomAcc,Dm,
https://www.boiteachansons.net/partitions/francis-cabrel/la-corrida,2023-01-07T13:53:11.441Z,#diagAccords div.dNomAcc,F,
https://www.boiteachansons.net/partitions/francis-cabrel/la-corrida,2023-01-07T13:53:11.441Z,#diagAccords div.dNomAcc,C,
https://www.boiteachansons.net/partitions/francis-cabrel/la-corrida,2023-01-07T13:53:11.441Z,#diagAccords div.dNomAcc,B♭2,
https://www.boiteachansons.net/partitions/francis-cabrel/la-corrida,2023-01-07T13:53:11.441Z,#diagAccords div.dNomAcc,C2,
https://www.boiteachansons.net/partitions/francis-cabrel/la-corrida,2023-01-07T13:53:11.441Z,#diagAccords div.dNomAcc,D4,
https://www.boiteachansons.net/partitions/francis-cabrel/la-corrida,2023-01-07T13:53:11.441Z,#diagAccords div.dNomAcc,A,
https://www.boiteachansons.net/partitions/francis-cabrel/la-corrida,2023-01-07T13:53:11.441Z,#diagAccords div.dNomAcc,A4,
https://www.boiteachansons.net/partitions/francis-cabrel/la-corrida,2023-01-07T13:53:11.441Z,li.liTonalElmtSlct,,B
https://www.boiteachansons.net/partitions/charles-aznavour/la-boheme,2023-01-07T13:53:12.189Z,#diagAccords div.dNomAcc,Dm,
https://www.boiteachansons.net/partitions/charles-aznavour/la-boheme,2023-01-07T13:53:12.189Z,#diagAccords div.dNomAcc,Bm7(♭5),
https://www.boiteachansons.net/partitions/charles-aznavour/la-boheme,2023-01-07T13:53:12.189Z,#diagAccords div.dNomAcc,Am,
https://www.boiteachansons.net/partitions/charles-aznavour/la-boheme,2023-01-07T13:53:12.189Z,#diagAccords div.dNomAcc,Dm7,
https://www.boiteachansons.net/partitions/charles-aznavour/la-boheme,2023-01-07T13:53:12.189Z,#diagAccords div.dNomAcc,E9,
https://www.boiteachansons.net/partitions/charles-aznavour/la-boheme,2023-01-07T13:53:12.189Z,#diagAccords div.dNomAcc,Am7,
https://www.boiteachansons.net/partitions/charles-aznavour/la-boheme,2023-01-07T13:53:12.189Z,#diagAccords div.dNomAcc,E7,
https://www.boiteachansons.net/partitions/charles-aznavour/la-boheme,2023-01-07T13:53:12.189Z,#diagAccords div.dNomAcc,A7,
https://www.boiteachansons.net/partitions/charles-aznavour/la-boheme,2023-01-07T13:53:12.189Z,#diagAccords div.dNomAcc,Dm7/4,
https://www.boiteachansons.net/partitions/charles-aznavour/la-boheme,2023-01-07T13:53:12.189Z,#diagAccords div.dNomAcc,Dm9,
https://www.boiteachansons.net/partitions/charles-aznavour/la-boheme,2023-01-07T13:53:12.189Z,li.liTonalElmtSlct,,A
https://www.boiteachansons.net/partitions/patrick-bruel/encore-une-fois,2023-01-07T13:53:13.088Z,#diagAccords div.dNomAcc,B4,
https://www.boiteachansons.net/partitions/patrick-bruel/encore-une-fois,2023-01-07T13:53:13.088Z,#diagAccords div.dNomAcc,B,
https://www.boiteachansons.net/partitions/patrick-bruel/encore-une-fois,2023-01-07T13:53:13.088Z,#diagAccords div.dNomAcc,E,
https://www.boiteachansons.net/partitions/patrick-bruel/encore-une-fois,2023-01-07T13:53:13.088Z,#diagAccords div.dNomAcc,A,
https://www.boiteachansons.net/partitions/patrick-bruel/encore-une-fois,2023-01-07T13:53:13.088Z,#diagAccords div.dNomAcc,C♯m,
https://www.boiteachansons.net/partitions/patrick-bruel/encore-une-fois,2023-01-07T13:53:13.088Z,#diagAccords div.dNomAcc,F♯m,
https://www.boiteachansons.net/partitions/patrick-bruel/encore-une-fois,2023-01-07T13:53:13.088Z,#diagAccords div.dNomAcc,Amaj7,
https://www.boiteachansons.net/partitions/patrick-bruel/encore-une-fois,2023-01-07T13:53:13.088Z,#diagAccords div.dNomAcc,F♯m9,
https://www.boiteachansons.net/partitions/patrick-bruel/encore-une-fois,2023-01-07T13:53:13.088Z,#diagAccords div.dNomAcc,B6,
https://www.boiteachansons.net/partitions/patrick-bruel/encore-une-fois,2023-01-07T13:53:13.088Z,#diagAccords div.dNomAcc,G♯4,
https://www.boiteachansons.net/partitions/patrick-bruel/encore-une-fois,2023-01-07T13:53:13.088Z,#diagAccords div.dNomAcc,G♯,
https://www.boiteachansons.net/partitions/patrick-bruel/encore-une-fois,2023-01-07T13:53:13.088Z,li.liTonalElmtSlct,,E
https://www.boiteachansons.net/partitions/patrick-bruel/casser-la-voix,2023-01-07T13:53:13.810Z,#diagAccords div.dNomAcc,C,
https://www.boiteachansons.net/partitions/patrick-bruel/casser-la-voix,2023-01-07T13:53:13.810Z,#diagAccords div.dNomAcc,G,
https://www.boiteachansons.net/partitions/patrick-bruel/casser-la-voix,2023-01-07T13:53:13.810Z,#diagAccords div.dNomAcc,Dm,
https://www.boiteachansons.net/partitions/patrick-bruel/casser-la-voix,2023-01-07T13:53:13.810Z,#diagAccords div.dNomAcc,F,
https://www.boiteachansons.net/partitions/patrick-bruel/casser-la-voix,2023-01-07T13:53:13.810Z,li.liTonalElmtSlct,,C
https://www.boiteachansons.net/partitions/charles-aznavour/ave-maria,2023-01-07T13:53:14.801Z,#diagAccords div.dNomAcc,E7,
https://www.boiteachansons.net/partitions/charles-aznavour/ave-maria,2023-01-07T13:53:14.801Z,#diagAccords div.dNomAcc,Am,
https://www.boiteachansons.net/partitions/charles-aznavour/ave-maria,2023-01-07T13:53:14.801Z,#diagAccords div.dNomAcc,C,
https://www.boiteachansons.net/partitions/charles-aznavour/ave-maria,2023-01-07T13:53:14.801Z,#diagAccords div.dNomAcc,Em,
https://www.boiteachansons.net/partitions/charles-aznavour/ave-maria,2023-01-07T13:53:14.801Z,#diagAccords div.dNomAcc,Gm,
https://www.boiteachansons.net/partitions/charles-aznavour/ave-maria,2023-01-07T13:53:14.801Z,#diagAccords div.dNomAcc,A7,
https://www.boiteachansons.net/partitions/charles-aznavour/ave-maria,2023-01-07T13:53:14.801Z,#diagAccords div.dNomAcc,Dm,
https://www.boiteachansons.net/partitions/charles-aznavour/ave-maria,2023-01-07T13:53:14.801Z,#diagAccords div.dNomAcc,Fm,
https://www.boiteachansons.net/partitions/charles-aznavour/ave-maria,2023-01-07T13:53:14.801Z,#diagAccords div.dNomAcc,B♭7,
https://www.boiteachansons.net/partitions/charles-aznavour/ave-maria,2023-01-07T13:53:14.801Z,#diagAccords div.dNomAcc,E♭,
https://www.boiteachansons.net/partitions/charles-aznavour/ave-maria,2023-01-07T13:53:14.801Z,#diagAccords div.dNomAcc,Cm,
https://www.boiteachansons.net/partitions/charles-aznavour/ave-maria,2023-01-07T13:53:14.801Z,#diagAccords div.dNomAcc,G7,
https://www.boiteachansons.net/partitions/charles-aznavour/ave-maria,2023-01-07T13:53:14.801Z,#diagAccords div.dNomAcc,B7,
https://www.boiteachansons.net/partitions/charles-aznavour/ave-maria,2023-01-07T13:53:14.801Z,#diagAccords div.dNomAcc,A(sus4),
https://www.boiteachansons.net/partitions/charles-aznavour/ave-maria,2023-01-07T13:53:14.801Z,#diagAccords div.dNomAcc,E,
https://www.boiteachansons.net/partitions/charles-aznavour/ave-maria,2023-01-07T13:53:14.801Z,#diagAccords div.dNomAcc,D♯7(dim),
https://www.boiteachansons.net/partitions/charles-aznavour/ave-maria,2023-01-07T13:53:14.801Z,#diagAccords div.dNomAcc,E(sus4),
https://www.boiteachansons.net/partitions/charles-aznavour/ave-maria,2023-01-07T13:53:14.801Z,#diagAccords div.dNomAcc,F,
https://www.boiteachansons.net/partitions/charles-aznavour/ave-maria,2023-01-07T13:53:14.801Z,#diagAccords div.dNomAcc,G,
https://www.boiteachansons.net/partitions/charles-aznavour/ave-maria,2023-01-07T13:53:14.801Z,#diagAccords div.dNomAcc,B(aug),
https://www.boiteachansons.net/partitions/charles-aznavour/ave-maria,2023-01-07T13:53:14.801Z,#diagAccords div.dNomAcc,A,
https://www.boiteachansons.net/partitions/charles-aznavour/ave-maria,2023-01-07T13:53:14.801Z,#diagAccords div.dNomAcc,G4,
https://www.boiteachansons.net/partitions/charles-aznavour/ave-maria,2023-01-07T13:53:14.801Z,#diagAccords div.dNomAcc,A♭,
https://www.boiteachansons.net/partitions/charles-aznavour/ave-maria,2023-01-07T13:53:14.801Z,#diagAccords div.dNomAcc,D7,
https://www.boiteachansons.net/partitions/charles-aznavour/ave-maria,2023-01-07T13:53:14.801Z,li.liTonalElmtSlct,,C
https://www.boiteachansons.net/partitions/vianney/pour-de-vrai,2023-01-07T13:53:15.634Z,#diagAccords div.dNomAcc,D,
https://www.boiteachansons.net/partitions/vianney/pour-de-vrai,2023-01-07T13:53:15.634Z,#diagAccords div.dNomAcc,Bm,
https://www.boiteachansons.net/partitions/vianney/pour-de-vrai,2023-01-07T13:53:15.634Z,#diagAccords div.dNomAcc,G,
https://www.boiteachansons.net/partitions/vianney/pour-de-vrai,2023-01-07T13:53:15.634Z,#diagAccords div.dNomAcc,A,
https://www.boiteachansons.net/partitions/vianney/pour-de-vrai,2023-01-07T13:53:15.634Z,li.liTonalElmtSlct,,D
https://www.boiteachansons.net/partitions/renaud/manhattan-kaboul,2023-01-07T13:53:16.769Z,#diagAccords div.dNomAcc,Em,
https://www.boiteachansons.net/partitions/renaud/manhattan-kaboul,2023-01-07T13:53:16.769Z,#diagAccords div.dNomAcc,Em/D,
https://www.boiteachansons.net/partitions/renaud/manhattan-kaboul,2023-01-07T13:53:16.769Z,#diagAccords div.dNomAcc,Em/C,
https://www.boiteachansons.net/partitions/renaud/manhattan-kaboul,2023-01-07T13:53:16.769Z,#diagAccords div.dNomAcc,Em/B,
https://www.boiteachansons.net/partitions/renaud/manhattan-kaboul,2023-01-07T13:53:16.769Z,#diagAccords div.dNomAcc,Am,
https://www.boiteachansons.net/partitions/renaud/manhattan-kaboul,2023-01-07T13:53:16.769Z,#diagAccords div.dNomAcc,F,
https://www.boiteachansons.net/partitions/renaud/manhattan-kaboul,2023-01-07T13:53:16.769Z,#diagAccords div.dNomAcc,Dm,
https://www.boiteachansons.net/partitions/renaud/manhattan-kaboul,2023-01-07T13:53:16.769Z,#diagAccords div.dNomAcc,E,
https://www.boiteachansons.net/partitions/renaud/manhattan-kaboul,2023-01-07T13:53:16.769Z,#diagAccords div.dNomAcc,G,
https://www.boiteachansons.net/partitions/renaud/manhattan-kaboul,2023-01-07T13:53:16.769Z,#diagAccords div.dNomAcc,C,
https://www.boiteachansons.net/partitions/renaud/manhattan-kaboul,2023-01-07T13:53:16.769Z,#diagAccords div.dNomAcc,E7,
https://www.boiteachansons.net/partitions/renaud/manhattan-kaboul,2023-01-07T13:53:16.769Z,#diagAccords div.dNomAcc,E/D,
https://www.boiteachansons.net/partitions/renaud/manhattan-kaboul,2023-01-07T13:53:16.769Z,#diagAccords div.dNomAcc,E/C,
https://www.boiteachansons.net/partitions/renaud/manhattan-kaboul,2023-01-07T13:53:16.769Z,#diagAccords div.dNomAcc,E/B,
https://www.boiteachansons.net/partitions/renaud/manhattan-kaboul,2023-01-07T13:53:16.769Z,li.liTonalElmtSlct,,A
https://www.boiteachansons.net/partitions/sheila/les-rois-mages,2023-01-07T13:53:17.621Z,#diagAccords div.dNomAcc,D,
https://www.boiteachansons.net/partitions/sheila/les-rois-mages,2023-01-07T13:53:17.621Z,#diagAccords div.dNomAcc,G,
https://www.boiteachansons.net/partitions/sheila/les-rois-mages,2023-01-07T13:53:17.621Z,#diagAccords div.dNomAcc,A,
https://www.boiteachansons.net/partitions/sheila/les-rois-mages,2023-01-07T13:53:17.621Z,#diagAccords div.dNomAcc,Em/B,
https://www.boiteachansons.net/partitions/sheila/les-rois-mages,2023-01-07T13:53:17.621Z,li.liTonalElmtSlct,,D
https://www.boiteachansons.net/partitions/claudio-capeo/c-est-une-chanson,2023-01-07T13:53:18.741Z,#diagAccords div.dNomAcc,Em,
https://www.boiteachansons.net/partitions/claudio-capeo/c-est-une-chanson,2023-01-07T13:53:18.741Z,#diagAccords div.dNomAcc,Am,
https://www.boiteachansons.net/partitions/claudio-capeo/c-est-une-chanson,2023-01-07T13:53:18.741Z,#diagAccords div.dNomAcc,B7,
https://www.boiteachansons.net/partitions/claudio-capeo/c-est-une-chanson,2023-01-07T13:53:18.741Z,#diagAccords div.dNomAcc,E,
https://www.boiteachansons.net/partitions/claudio-capeo/c-est-une-chanson,2023-01-07T13:53:18.741Z,#diagAccords div.dNomAcc,D,
https://www.boiteachansons.net/partitions/claudio-capeo/c-est-une-chanson,2023-01-07T13:53:18.741Z,li.liTonalElmtSlct,,G
https://www.boiteachansons.net/partitions/calogero/c-est-dit,2023-01-07T13:53:19.984Z,#diagAccords div.dNomAcc,Bm,
https://www.boiteachansons.net/partitions/calogero/c-est-dit,2023-01-07T13:53:19.984Z,#diagAccords div.dNomAcc,Em,
https://www.boiteachansons.net/partitions/calogero/c-est-dit,2023-01-07T13:53:19.984Z,#diagAccords div.dNomAcc,A7,
https://www.boiteachansons.net/partitions/calogero/c-est-dit,2023-01-07T13:53:19.984Z,#diagAccords div.dNomAcc,B♭(dim),
https://www.boiteachansons.net/partitions/calogero/c-est-dit,2023-01-07T13:53:19.984Z,#diagAccords div.dNomAcc,Gmaj7,
https://www.boiteachansons.net/partitions/calogero/c-est-dit,2023-01-07T13:53:19.984Z,#diagAccords div.dNomAcc,Em7,
https://www.boiteachansons.net/partitions/calogero/c-est-dit,2023-01-07T13:53:19.984Z,#diagAccords div.dNomAcc,Dmaj7,
https://www.boiteachansons.net/partitions/calogero/c-est-dit,2023-01-07T13:53:19.984Z,#diagAccords div.dNomAcc,F♯4,
https://www.boiteachansons.net/partitions/calogero/c-est-dit,2023-01-07T13:53:19.984Z,#diagAccords div.dNomAcc,Cm,
https://www.boiteachansons.net/partitions/calogero/c-est-dit,2023-01-07T13:53:19.984Z,#diagAccords div.dNomAcc,Fm,
https://www.boiteachansons.net/partitions/calogero/c-est-dit,2023-01-07T13:53:19.984Z,#diagAccords div.dNomAcc,B♭7,
https://www.boiteachansons.net/partitions/calogero/c-est-dit,2023-01-07T13:53:19.984Z,#diagAccords div.dNomAcc,B(dim),
https://www.boiteachansons.net/partitions/calogero/c-est-dit,2023-01-07T13:53:19.984Z,#diagAccords div.dNomAcc,A♭maj7,
https://www.boiteachansons.net/partitions/calogero/c-est-dit,2023-01-07T13:53:19.984Z,#diagAccords div.dNomAcc,Fm7,
https://www.boiteachansons.net/partitions/calogero/c-est-dit,2023-01-07T13:53:19.984Z,#diagAccords div.dNomAcc,E♭maj7,
https://www.boiteachansons.net/partitions/calogero/c-est-dit,2023-01-07T13:53:19.984Z,#diagAccords div.dNomAcc,G4,
https://www.boiteachansons.net/partitions/calogero/c-est-dit,2023-01-07T13:53:19.984Z,#diagAccords div.dNomAcc,G,
https://www.boiteachansons.net/partitions/calogero/c-est-dit,2023-01-07T13:53:19.984Z,li.liTonalElmtSlct,,B
https://www.boiteachansons.net/partitions/yves-duteil/prendre-un-enfant,2023-01-07T13:53:21.252Z,#diagAccords div.dNomAcc,C,
https://www.boiteachansons.net/partitions/yves-duteil/prendre-un-enfant,2023-01-07T13:53:21.252Z,#diagAccords div.dNomAcc,G7,
https://www.boiteachansons.net/partitions/yves-duteil/prendre-un-enfant,2023-01-07T13:53:21.252Z,#diagAccords div.dNomAcc,C7,
https://www.boiteachansons.net/partitions/yves-duteil/prendre-un-enfant,2023-01-07T13:53:21.252Z,#diagAccords div.dNomAcc,F,
https://www.boiteachansons.net/partitions/yves-duteil/prendre-un-enfant,2023-01-07T13:53:21.252Z,li.liTonalElmtSlct,,C
https://www.boiteachansons.net/partitions/the-cranberries/zombie,2023-01-07T13:53:22.189Z,#diagAccords div.dNomAcc,G,
https://www.boiteachansons.net/partitions/the-cranberries/zombie,2023-01-07T13:53:22.189Z,#diagAccords div.dNomAcc,D/F♯,
https://www.boiteachansons.net/partitions/the-cranberries/zombie,2023-01-07T13:53:22.189Z,#diagAccords div.dNomAcc,Em,
https://www.boiteachansons.net/partitions/the-cranberries/zombie,2023-01-07T13:53:22.189Z,#diagAccords div.dNomAcc,C,
https://www.boiteachansons.net/partitions/the-cranberries/zombie,2023-01-07T13:53:22.189Z,li.liTonalElmtSlct,,D
https://www.boiteachansons.net/partitions/laurent-voulzy/rock-collection,2023-01-07T13:53:23.387Z,#diagAccords div.dNomAcc,Am,
https://www.boiteachansons.net/partitions/laurent-voulzy/rock-collection,2023-01-07T13:53:23.387Z,#diagAccords div.dNomAcc,Dm7,
https://www.boiteachansons.net/partitions/laurent-voulzy/rock-collection,2023-01-07T13:53:23.387Z,#diagAccords div.dNomAcc,E,
https://www.boiteachansons.net/partitions/laurent-voulzy/rock-collection,2023-01-07T13:53:23.387Z,#diagAccords div.dNomAcc,F,
https://www.boiteachansons.net/partitions/laurent-voulzy/rock-collection,2023-01-07T13:53:23.387Z,#diagAccords div.dNomAcc,E7,
https://www.boiteachansons.net/partitions/laurent-voulzy/rock-collection,2023-01-07T13:53:23.387Z,#diagAccords div.dNomAcc,A,
https://www.boiteachansons.net/partitions/laurent-voulzy/rock-collection,2023-01-07T13:53:23.387Z,#diagAccords div.dNomAcc,F♯m,
https://www.boiteachansons.net/partitions/laurent-voulzy/rock-collection,2023-01-07T13:53:23.387Z,#diagAccords div.dNomAcc,Dm,
https://www.boiteachansons.net/partitions/laurent-voulzy/rock-collection,2023-01-07T13:53:23.387Z,#diagAccords div.dNomAcc,D9,
https://www.boiteachansons.net/partitions/laurent-voulzy/rock-collection,2023-01-07T13:53:23.387Z,#diagAccords div.dNomAcc,G,
https://www.boiteachansons.net/partitions/laurent-voulzy/rock-collection,2023-01-07T13:53:23.387Z,#diagAccords div.dNomAcc,D,
https://www.boiteachansons.net/partitions/laurent-voulzy/rock-collection,2023-01-07T13:53:23.387Z,#diagAccords div.dNomAcc,C,
https://www.boiteachansons.net/partitions/laurent-voulzy/rock-collection,2023-01-07T13:53:23.387Z,#diagAccords div.dNomAcc,Fmaj7,
https://www.boiteachansons.net/partitions/laurent-voulzy/rock-collection,2023-01-07T13:53:23.387Z,li.liTonalElmtSlct,,A
https://www.boiteachansons.net/partitions/lucienne-delyle/mon-amant-de-saint-jean,2023-01-07T13:53:26.106Z,#diagAccords div.dNomAcc,Cm,
https://www.boiteachansons.net/partitions/lucienne-delyle/mon-amant-de-saint-jean,2023-01-07T13:53:26.106Z,#diagAccords div.dNomAcc,Fm,
https://www.boiteachansons.net/partitions/lucienne-delyle/mon-amant-de-saint-jean,2023-01-07T13:53:26.106Z,#diagAccords div.dNomAcc,G♯,
https://www.boiteachansons.net/partitions/lucienne-delyle/mon-amant-de-saint-jean,2023-01-07T13:53:26.106Z,#diagAccords div.dNomAcc,G,
https://www.boiteachansons.net/partitions/lucienne-delyle/mon-amant-de-saint-jean,2023-01-07T13:53:26.106Z,#diagAccords div.dNomAcc,G7,
https://www.boiteachansons.net/partitions/lucienne-delyle/mon-amant-de-saint-jean,2023-01-07T13:53:26.106Z,#diagAccords div.dNomAcc,D♯,
https://www.boiteachansons.net/partitions/lucienne-delyle/mon-amant-de-saint-jean,2023-01-07T13:53:26.106Z,li.liTonalElmtSlct,,C
https://www.boiteachansons.net/partitions/marc-lavoine-madimmi/la-fin-d%E2%80%99une-histoire,2023-01-07T13:53:27.055Z,#diagAccords div.dNomAcc,Am,
https://www.boiteachansons.net/partitions/marc-lavoine-madimmi/la-fin-d%E2%80%99une-histoire,2023-01-07T13:53:27.055Z,#diagAccords div.dNomAcc,A2,
https://www.boiteachansons.net/partitions/marc-lavoine-madimmi/la-fin-d%E2%80%99une-histoire,2023-01-07T13:53:27.055Z,#diagAccords div.dNomAcc,Dm,
https://www.boiteachansons.net/partitions/marc-lavoine-madimmi/la-fin-d%E2%80%99une-histoire,2023-01-07T13:53:27.055Z,#diagAccords div.dNomAcc,G7,
https://www.boiteachansons.net/partitions/marc-lavoine-madimmi/la-fin-d%E2%80%99une-histoire,2023-01-07T13:53:27.055Z,#diagAccords div.dNomAcc,Em,
https://www.boiteachansons.net/partitions/marc-lavoine-madimmi/la-fin-d%E2%80%99une-histoire,2023-01-07T13:53:27.055Z,#diagAccords div.dNomAcc,F,
https://www.boiteachansons.net/partitions/marc-lavoine-madimmi/la-fin-d%E2%80%99une-histoire,2023-01-07T13:53:27.055Z,#diagAccords div.dNomAcc,G,
https://www.boiteachansons.net/partitions/marc-lavoine-madimmi/la-fin-d%E2%80%99une-histoire,2023-01-07T13:53:27.055Z,#diagAccords div.dNomAcc,E4,
https://www.boiteachansons.net/partitions/marc-lavoine-madimmi/la-fin-d%E2%80%99une-histoire,2023-01-07T13:53:27.055Z,#diagAccords div.dNomAcc,E7,
https://www.boiteachansons.net/partitions/marc-lavoine-madimmi/la-fin-d%E2%80%99une-histoire,2023-01-07T13:53:27.055Z,li.liTonalElmtSlct,,A
https://www.boiteachansons.net/partitions/the-white-buffalo-the-forest-rangers/come-join-the-murder,2023-01-07T13:53:28.312Z,#diagAccords div.dNomAcc,Am,
https://www.boiteachansons.net/partitions/the-white-buffalo-the-forest-rangers/come-join-the-murder,2023-01-07T13:53:28.312Z,#diagAccords div.dNomAcc,F,
https://www.boiteachansons.net/partitions/the-white-buffalo-the-forest-rangers/come-join-the-murder,2023-01-07T13:53:28.312Z,#diagAccords div.dNomAcc,C,
https://www.boiteachansons.net/partitions/the-white-buffalo-the-forest-rangers/come-join-the-murder,2023-01-07T13:53:28.312Z,#diagAccords div.dNomAcc,Em,
https://www.boiteachansons.net/partitions/the-white-buffalo-the-forest-rangers/come-join-the-murder,2023-01-07T13:53:28.312Z,#diagAccords div.dNomAcc,G,
https://www.boiteachansons.net/partitions/the-white-buffalo-the-forest-rangers/come-join-the-murder,2023-01-07T13:53:28.312Z,#diagAccords div.dNomAcc,Dm,
https://www.boiteachansons.net/partitions/the-white-buffalo-the-forest-rangers/come-join-the-murder,2023-01-07T13:53:28.312Z,li.liTonalElmtSlct,,C
https://www.boiteachansons.net/partitions/francis-cabrel/repondez-moi,2023-01-07T13:53:29.259Z,#diagAccords div.dNomAcc,D,
https://www.boiteachansons.net/partitions/francis-cabrel/repondez-moi,2023-01-07T13:53:29.259Z,#diagAccords div.dNomAcc,D9,
https://www.boiteachansons.net/partitions/francis-cabrel/repondez-moi,2023-01-07T13:53:29.259Z,#diagAccords div.dNomAcc,Bm,
https://www.boiteachansons.net/partitions/francis-cabrel/repondez-moi,2023-01-07T13:53:29.259Z,#diagAccords div.dNomAcc,B9,
https://www.boiteachansons.net/partitions/francis-cabrel/repondez-moi,2023-01-07T13:53:29.259Z,#diagAccords div.dNomAcc,A,
https://www.boiteachansons.net/partitions/francis-cabrel/repondez-moi,2023-01-07T13:53:29.259Z,#diagAccords div.dNomAcc,A9,
https://www.boiteachansons.net/partitions/francis-cabrel/repondez-moi,2023-01-07T13:53:29.259Z,#diagAccords div.dNomAcc,G,
https://www.boiteachansons.net/partitions/francis-cabrel/repondez-moi,2023-01-07T13:53:29.259Z,#diagAccords div.dNomAcc,C,
https://www.boiteachansons.net/partitions/francis-cabrel/repondez-moi,2023-01-07T13:53:29.259Z,#diagAccords div.dNomAcc,Gm,
https://www.boiteachansons.net/partitions/francis-cabrel/repondez-moi,2023-01-07T13:53:29.259Z,#diagAccords div.dNomAcc,B♭,
https://www.boiteachansons.net/partitions/francis-cabrel/repondez-moi,2023-01-07T13:53:29.259Z,li.liTonalElmtSlct,,D
https://www.boiteachansons.net/partitions/georges-chelon/quand-tu-me-serres-dans-tes-bras,2023-01-07T13:53:30.579Z,#diagAccords div.dNomAcc,D,
https://www.boiteachansons.net/partitions/georges-chelon/quand-tu-me-serres-dans-tes-bras,2023-01-07T13:53:30.579Z,#diagAccords div.dNomAcc,A,
https://www.boiteachansons.net/partitions/georges-chelon/quand-tu-me-serres-dans-tes-bras,2023-01-07T13:53:30.579Z,#diagAccords div.dNomAcc,E7,
https://www.boiteachansons.net/partitions/georges-chelon/quand-tu-me-serres-dans-tes-bras,2023-01-07T13:53:30.579Z,#diagAccords div.dNomAcc,E,
https://www.boiteachansons.net/partitions/georges-chelon/quand-tu-me-serres-dans-tes-bras,2023-01-07T13:53:30.579Z,#diagAccords div.dNomAcc,F♯m,
https://www.boiteachansons.net/partitions/georges-chelon/quand-tu-me-serres-dans-tes-bras,2023-01-07T13:53:30.579Z,li.liTonalElmtSlct,,A
https://www.boiteachansons.net/partitions/hugues-aufray/santiano,2023-01-07T13:53:31.895Z,#diagAccords div.dNomAcc,Em,
https://www.boiteachansons.net/partitions/hugues-aufray/santiano,2023-01-07T13:53:31.895Z,#diagAccords div.dNomAcc,D,
https://www.boiteachansons.net/partitions/hugues-aufray/santiano,2023-01-07T13:53:31.895Z,#diagAccords div.dNomAcc,Am,
https://www.boiteachansons.net/partitions/hugues-aufray/santiano,2023-01-07T13:53:31.895Z,li.liTonalElmtSlct,,E
https://www.boiteachansons.net/partitions/trois-cafes-gourmands/a-nos-souvenirs,2023-01-07T13:53:32.851Z,#diagAccords div.dNomAcc,Am,
https://www.boiteachansons.net/partitions/trois-cafes-gourmands/a-nos-souvenirs,2023-01-07T13:53:32.851Z,#diagAccords div.dNomAcc,F,
https://www.boiteachansons.net/partitions/trois-cafes-gourmands/a-nos-souvenirs,2023-01-07T13:53:32.851Z,#diagAccords div.dNomAcc,C,
https://www.boiteachansons.net/partitions/trois-cafes-gourmands/a-nos-souvenirs,2023-01-07T13:53:32.851Z,#diagAccords div.dNomAcc,G,
https://www.boiteachansons.net/partitions/trois-cafes-gourmands/a-nos-souvenirs,2023-01-07T13:53:32.851Z,li.liTonalElmtSlct,,A
https://www.boiteachansons.net/partitions/telephone/la-bombe-humaine,2023-01-07T13:53:33.992Z,#diagAccords div.dNomAcc,A,
https://www.boiteachansons.net/partitions/telephone/la-bombe-humaine,2023-01-07T13:53:33.992Z,#diagAccords div.dNomAcc,A(aug),
https://www.boiteachansons.net/partitions/telephone/la-bombe-humaine,2023-01-07T13:53:33.992Z,#diagAccords div.dNomAcc,F♯m,
https://www.boiteachansons.net/partitions/telephone/la-bombe-humaine,2023-01-07T13:53:33.992Z,#diagAccords div.dNomAcc,A7,
https://www.boiteachansons.net/partitions/telephone/la-bombe-humaine,2023-01-07T13:53:33.992Z,#diagAccords div.dNomAcc,D,
https://www.boiteachansons.net/partitions/telephone/la-bombe-humaine,2023-01-07T13:53:33.992Z,#diagAccords div.dNomAcc,F,
https://www.boiteachansons.net/partitions/telephone/la-bombe-humaine,2023-01-07T13:53:33.992Z,#diagAccords div.dNomAcc,B7,
https://www.boiteachansons.net/partitions/telephone/la-bombe-humaine,2023-01-07T13:53:33.992Z,#diagAccords div.dNomAcc,D7,
https://www.boiteachansons.net/partitions/telephone/la-bombe-humaine,2023-01-07T13:53:33.992Z,#diagAccords div.dNomAcc,F7,
https://www.boiteachansons.net/partitions/telephone/la-bombe-humaine,2023-01-07T13:53:33.992Z,#diagAccords div.dNomAcc,Dm/A,
https://www.boiteachansons.net/partitions/telephone/la-bombe-humaine,2023-01-07T13:53:33.992Z,#diagAccords div.dNomAcc,G,
https://www.boiteachansons.net/partitions/telephone/la-bombe-humaine,2023-01-07T13:53:33.992Z,#diagAccords div.dNomAcc,F♯,
https://www.boiteachansons.net/partitions/telephone/la-bombe-humaine,2023-01-07T13:53:33.992Z,#diagAccords div.dNomAcc,F/A,
https://www.boiteachansons.net/partitions/telephone/la-bombe-humaine,2023-01-07T13:53:33.992Z,li.liTonalElmtSlct,,F
https://www.boiteachansons.net/partitions/ben-e-king/stand-by-me,2023-01-07T13:53:34.945Z,#diagAccords div.dNomAcc,A,
https://www.boiteachansons.net/partitions/ben-e-king/stand-by-me,2023-01-07T13:53:34.945Z,#diagAccords div.dNomAcc,F♯m,
https://www.boiteachansons.net/partitions/ben-e-king/stand-by-me,2023-01-07T13:53:34.945Z,#diagAccords div.dNomAcc,D,
https://www.boiteachansons.net/partitions/ben-e-king/stand-by-me,2023-01-07T13:53:34.945Z,#diagAccords div.dNomAcc,E,
https://www.boiteachansons.net/partitions/ben-e-king/stand-by-me,2023-01-07T13:53:34.945Z,li.liTonalElmtSlct,,A
https://www.boiteachansons.net/partitions/edith-piaf/la-vie-en-rose,2023-01-07T13:53:36.057Z,#diagAccords div.dNomAcc,F,
https://www.boiteachansons.net/partitions/edith-piaf/la-vie-en-rose,2023-01-07T13:53:36.057Z,#diagAccords div.dNomAcc,F♯7(dim),
https://www.boiteachansons.net/partitions/edith-piaf/la-vie-en-rose,2023-01-07T13:53:36.057Z,#diagAccords div.dNomAcc,Gm7,
https://www.boiteachansons.net/partitions/edith-piaf/la-vie-en-rose,2023-01-07T13:53:36.057Z,#diagAccords div.dNomAcc,G♯7(dim),
https://www.boiteachansons.net/partitions/edith-piaf/la-vie-en-rose,2023-01-07T13:53:36.057Z,#diagAccords div.dNomAcc,Cm6,
https://www.boiteachansons.net/partitions/edith-piaf/la-vie-en-rose,2023-01-07T13:53:36.057Z,#diagAccords div.dNomAcc,D7,
https://www.boiteachansons.net/partitions/edith-piaf/la-vie-en-rose,2023-01-07T13:53:36.057Z,#diagAccords div.dNomAcc,C♯maj7,
https://www.boiteachansons.net/partitions/edith-piaf/la-vie-en-rose,2023-01-07T13:53:36.057Z,#diagAccords div.dNomAcc,C7,
https://www.boiteachansons.net/partitions/edith-piaf/la-vie-en-rose,2023-01-07T13:53:36.057Z,#diagAccords div.dNomAcc,Fmaj7,
https://www.boiteachansons.net/partitions/edith-piaf/la-vie-en-rose,2023-01-07T13:53:36.057Z,#diagAccords div.dNomAcc,F6,
https://www.boiteachansons.net/partitions/edith-piaf/la-vie-en-rose,2023-01-07T13:53:36.057Z,#diagAccords div.dNomAcc,F7(dim),
https://www.boiteachansons.net/partitions/edith-piaf/la-vie-en-rose,2023-01-07T13:53:36.057Z,#diagAccords div.dNomAcc,Am7,
https://www.boiteachansons.net/partitions/edith-piaf/la-vie-en-rose,2023-01-07T13:53:36.057Z,#diagAccords div.dNomAcc,Cm7,
https://www.boiteachansons.net/partitions/edith-piaf/la-vie-en-rose,2023-01-07T13:53:36.057Z,#diagAccords div.dNomAcc,F7,
https://www.boiteachansons.net/partitions/edith-piaf/la-vie-en-rose,2023-01-07T13:53:36.057Z,#diagAccords div.dNomAcc,B♭maj7,
https://www.boiteachansons.net/partitions/edith-piaf/la-vie-en-rose,2023-01-07T13:53:36.057Z,#diagAccords div.dNomAcc,B♭m6,
https://www.boiteachansons.net/partitions/edith-piaf/la-vie-en-rose,2023-01-07T13:53:36.057Z,#diagAccords div.dNomAcc,G7,
https://www.boiteachansons.net/partitions/edith-piaf/la-vie-en-rose,2023-01-07T13:53:36.057Z,#diagAccords div.dNomAcc,B♭m(maj7),
https://www.boiteachansons.net/partitions/edith-piaf/la-vie-en-rose,2023-01-07T13:53:36.057Z,#diagAccords div.dNomAcc,C,
https://www.boiteachansons.net/partitions/edith-piaf/la-vie-en-rose,2023-01-07T13:53:36.057Z,#diagAccords div.dNomAcc,B♭7(dim),
https://www.boiteachansons.net/partitions/edith-piaf/la-vie-en-rose,2023-01-07T13:53:36.057Z,#diagAccords div.dNomAcc,C♯,
https://www.boiteachansons.net/partitions/edith-piaf/la-vie-en-rose,2023-01-07T13:53:36.057Z,li.liTonalElmtSlct,,F
https://www.boiteachansons.net/partitions/yves-montand/la-chansonnette,2023-01-07T13:53:37.189Z,#diagAccords div.dNomAcc,C,
https://www.boiteachansons.net/partitions/yves-montand/la-chansonnette,2023-01-07T13:53:37.189Z,#diagAccords div.dNomAcc,D♯(dim),
https://www.boiteachansons.net/partitions/yves-montand/la-chansonnette,2023-01-07T13:53:37.189Z,#diagAccords div.dNomAcc,Dm7,
https://www.boiteachansons.net/partitions/yves-montand/la-chansonnette,2023-01-07T13:53:37.189Z,#diagAccords div.dNomAcc,G,
https://www.boiteachansons.net/partitions/yves-montand/la-chansonnette,2023-01-07T13:53:37.189Z,#diagAccords div.dNomAcc,G7,
https://www.boiteachansons.net/partitions/yves-montand/la-chansonnette,2023-01-07T13:53:37.189Z,#diagAccords div.dNomAcc,C7,
https://www.boiteachansons.net/partitions/yves-montand/la-chansonnette,2023-01-07T13:53:37.189Z,#diagAccords div.dNomAcc,F,
https://www.boiteachansons.net/partitions/yves-montand/la-chansonnette,2023-01-07T13:53:37.189Z,#diagAccords div.dNomAcc,Fm,
https://www.boiteachansons.net/partitions/yves-montand/la-chansonnette,2023-01-07T13:53:37.189Z,#diagAccords div.dNomAcc,C/E,
https://www.boiteachansons.net/partitions/yves-montand/la-chansonnette,2023-01-07T13:53:37.189Z,#diagAccords div.dNomAcc,E♭(dim),
https://www.boiteachansons.net/partitions/yves-montand/la-chansonnette,2023-01-07T13:53:37.189Z,#diagAccords div.dNomAcc,C♯(dim),
https://www.boiteachansons.net/partitions/yves-montand/la-chansonnette,2023-01-07T13:53:37.189Z,#diagAccords div.dNomAcc,Dm,
https://www.boiteachansons.net/partitions/yves-montand/la-chansonnette,2023-01-07T13:53:37.189Z,li.liTonalElmtSlct,,C
https://www.boiteachansons.net/partitions/scorpions/send-me-an-angel,2023-01-07T13:53:38.049Z,#diagAccords div.dNomAcc,Em,
https://www.boiteachansons.net/partitions/scorpions/send-me-an-angel,2023-01-07T13:53:38.049Z,#diagAccords div.dNomAcc,Cmaj7,
https://www.boiteachansons.net/partitions/scorpions/send-me-an-angel,2023-01-07T13:53:38.049Z,#diagAccords div.dNomAcc,D,
https://www.boiteachansons.net/partitions/scorpions/send-me-an-angel,2023-01-07T13:53:38.049Z,#diagAccords div.dNomAcc,Bm,
https://www.boiteachansons.net/partitions/scorpions/send-me-an-angel,2023-01-07T13:53:38.049Z,#diagAccords div.dNomAcc,C,
https://www.boiteachansons.net/partitions/scorpions/send-me-an-angel,2023-01-07T13:53:38.049Z,#diagAccords div.dNomAcc,F♯m,
https://www.boiteachansons.net/partitions/scorpions/send-me-an-angel,2023-01-07T13:53:38.049Z,#diagAccords div.dNomAcc,E,
https://www.boiteachansons.net/partitions/scorpions/send-me-an-angel,2023-01-07T13:53:38.049Z,#diagAccords div.dNomAcc,C♯m,
https://www.boiteachansons.net/partitions/scorpions/send-me-an-angel,2023-01-07T13:53:38.049Z,#diagAccords div.dNomAcc,G♯m,
https://www.boiteachansons.net/partitions/scorpions/send-me-an-angel,2023-01-07T13:53:38.049Z,#diagAccords div.dNomAcc,F♯,
https://www.boiteachansons.net/partitions/scorpions/send-me-an-angel,2023-01-07T13:53:38.049Z,#diagAccords div.dNomAcc,D♯m,
https://www.boiteachansons.net/partitions/scorpions/send-me-an-angel,2023-01-07T13:53:38.049Z,li.liTonalElmtSlct,,E
https://www.boiteachansons.net/partitions/gipsy-kings/bamboleo,2023-01-07T13:53:39.192Z,#diagAccords div.dNomAcc,Em,
https://www.boiteachansons.net/partitions/gipsy-kings/bamboleo,2023-01-07T13:53:39.192Z,#diagAccords div.dNomAcc,B7,
https://www.boiteachansons.net/partitions/gipsy-kings/bamboleo,2023-01-07T13:53:39.192Z,#diagAccords div.dNomAcc,Em6/9,
https://www.boiteachansons.net/partitions/gipsy-kings/bamboleo,2023-01-07T13:53:39.192Z,#diagAccords div.dNomAcc,Am,
https://www.boiteachansons.net/partitions/gipsy-kings/bamboleo,2023-01-07T13:53:39.192Z,#diagAccords div.dNomAcc,Am7,
https://www.boiteachansons.net/partitions/gipsy-kings/bamboleo,2023-01-07T13:53:39.192Z,#diagAccords div.dNomAcc,D7,
https://www.boiteachansons.net/partitions/gipsy-kings/bamboleo,2023-01-07T13:53:39.192Z,#diagAccords div.dNomAcc,Gmaj7,
https://www.boiteachansons.net/partitions/gipsy-kings/bamboleo,2023-01-07T13:53:39.192Z,#diagAccords div.dNomAcc,C,
https://www.boiteachansons.net/partitions/gipsy-kings/bamboleo,2023-01-07T13:53:39.192Z,li.liTonalElmtSlct,,E
https://www.boiteachansons.net/partitions/daniel-balavoine/tous-les-cris-les-sos,2023-01-07T13:53:39.967Z,#diagAccords div.dNomAcc,Am7,
https://www.boiteachansons.net/partitions/daniel-balavoine/tous-les-cris-les-sos,2023-01-07T13:53:39.967Z,#diagAccords div.dNomAcc,F,
https://www.boiteachansons.net/partitions/daniel-balavoine/tous-les-cris-les-sos,2023-01-07T13:53:39.967Z,#diagAccords div.dNomAcc,G,
https://www.boiteachansons.net/partitions/daniel-balavoine/tous-les-cris-les-sos,2023-01-07T13:53:39.967Z,#diagAccords div.dNomAcc,Em,
https://www.boiteachansons.net/partitions/daniel-balavoine/tous-les-cris-les-sos,2023-01-07T13:53:39.967Z,#diagAccords div.dNomAcc,G7,
https://www.boiteachansons.net/partitions/daniel-balavoine/tous-les-cris-les-sos,2023-01-07T13:53:39.967Z,#diagAccords div.dNomAcc,C,
https://www.boiteachansons.net/partitions/daniel-balavoine/tous-les-cris-les-sos,2023-01-07T13:53:39.967Z,#diagAccords div.dNomAcc,Am,
https://www.boiteachansons.net/partitions/daniel-balavoine/tous-les-cris-les-sos,2023-01-07T13:53:39.967Z,#diagAccords div.dNomAcc,Fmaj9,
https://www.boiteachansons.net/partitions/daniel-balavoine/tous-les-cris-les-sos,2023-01-07T13:53:39.967Z,#diagAccords div.dNomAcc,Dm,
https://www.boiteachansons.net/partitions/daniel-balavoine/tous-les-cris-les-sos,2023-01-07T13:53:39.967Z,#diagAccords div.dNomAcc,E4,
https://www.boiteachansons.net/partitions/daniel-balavoine/tous-les-cris-les-sos,2023-01-07T13:53:39.967Z,#diagAccords div.dNomAcc,E,
https://www.boiteachansons.net/partitions/daniel-balavoine/tous-les-cris-les-sos,2023-01-07T13:53:39.967Z,li.liTonalElmtSlct,,A
https://www.boiteachansons.net/partitions/maxime-le-forestier/je-veux-quitter-ce-monde-heureux,2023-01-07T13:53:40.899Z,#diagAccords div.dNomAcc,C,
https://www.boiteachansons.net/partitions/maxime-le-forestier/je-veux-quitter-ce-monde-heureux,2023-01-07T13:53:40.899Z,#diagAccords div.dNomAcc,D,
https://www.boiteachansons.net/partitions/maxime-le-forestier/je-veux-quitter-ce-monde-heureux,2023-01-07T13:53:40.899Z,#diagAccords div.dNomAcc,G,
https://www.boiteachansons.net/partitions/maxime-le-forestier/je-veux-quitter-ce-monde-heureux,2023-01-07T13:53:40.899Z,#diagAccords div.dNomAcc,Em,
https://www.boiteachansons.net/partitions/maxime-le-forestier/je-veux-quitter-ce-monde-heureux,2023-01-07T13:53:40.899Z,#diagAccords div.dNomAcc,B7,
https://www.boiteachansons.net/partitions/maxime-le-forestier/je-veux-quitter-ce-monde-heureux,2023-01-07T13:53:40.899Z,#diagAccords div.dNomAcc,D7,
https://www.boiteachansons.net/partitions/maxime-le-forestier/je-veux-quitter-ce-monde-heureux,2023-01-07T13:53:40.899Z,li.liTonalElmtSlct,,G
https://www.boiteachansons.net/partitions/james-blunt/you-re-beautiful,2023-01-07T13:53:41.728Z,#diagAccords div.dNomAcc,C,
https://www.boiteachansons.net/partitions/james-blunt/you-re-beautiful,2023-01-07T13:53:41.728Z,#diagAccords div.dNomAcc,G,
https://www.boiteachansons.net/partitions/james-blunt/you-re-beautiful,2023-01-07T13:53:41.728Z,#diagAccords div.dNomAcc,Am,
https://www.boiteachansons.net/partitions/james-blunt/you-re-beautiful,2023-01-07T13:53:41.728Z,#diagAccords div.dNomAcc,F,
https://www.boiteachansons.net/partitions/james-blunt/you-re-beautiful,2023-01-07T13:53:41.728Z,#diagAccords div.dNomAcc,G/B,
https://www.boiteachansons.net/partitions/james-blunt/you-re-beautiful,2023-01-07T13:53:41.728Z,li.liTonalElmtSlct,,C
https://www.boiteachansons.net/partitions/the-beatles/let-it-be,2023-01-07T13:53:42.768Z,#diagAccords div.dNomAcc,C,
https://www.boiteachansons.net/partitions/the-beatles/let-it-be,2023-01-07T13:53:42.768Z,#diagAccords div.dNomAcc,G,
https://www.boiteachansons.net/partitions/the-beatles/let-it-be,2023-01-07T13:53:42.768Z,#diagAccords div.dNomAcc,Am,
https://www.boiteachansons.net/partitions/the-beatles/let-it-be,2023-01-07T13:53:42.768Z,#diagAccords div.dNomAcc,F,
https://www.boiteachansons.net/partitions/the-beatles/let-it-be,2023-01-07T13:53:42.768Z,#diagAccords div.dNomAcc,C/E,
https://www.boiteachansons.net/partitions/the-beatles/let-it-be,2023-01-07T13:53:42.768Z,#diagAccords div.dNomAcc,Dm7,
https://www.boiteachansons.net/partitions/the-beatles/let-it-be,2023-01-07T13:53:42.768Z,#diagAccords div.dNomAcc,B♭,
https://www.boiteachansons.net/partitions/the-beatles/let-it-be,2023-01-07T13:53:42.768Z,#diagAccords div.dNomAcc,F/A,
https://www.boiteachansons.net/partitions/the-beatles/let-it-be,2023-01-07T13:53:42.768Z,li.liTonalElmtSlct,,C
https://www.boiteachansons.net/partitions/dalida/le-temps-des-fleurs,2023-01-07T13:53:43.597Z,#diagAccords div.dNomAcc,Em,
https://www.boiteachansons.net/partitions/dalida/le-temps-des-fleurs,2023-01-07T13:53:43.597Z,#diagAccords div.dNomAcc,Am,
https://www.boiteachansons.net/partitions/dalida/le-temps-des-fleurs,2023-01-07T13:53:43.597Z,#diagAccords div.dNomAcc,B7,
https://www.boiteachansons.net/partitions/dalida/le-temps-des-fleurs,2023-01-07T13:53:43.597Z,#diagAccords div.dNomAcc,E7,
https://www.boiteachansons.net/partitions/dalida/le-temps-des-fleurs,2023-01-07T13:53:43.597Z,#diagAccords div.dNomAcc,F♯7,
https://www.boiteachansons.net/partitions/dalida/le-temps-des-fleurs,2023-01-07T13:53:43.597Z,#diagAccords div.dNomAcc,D7,
https://www.boiteachansons.net/partitions/dalida/le-temps-des-fleurs,2023-01-07T13:53:43.597Z,#diagAccords div.dNomAcc,G,
https://www.boiteachansons.net/partitions/dalida/le-temps-des-fleurs,2023-01-07T13:53:43.597Z,li.liTonalElmtSlct,,E
https://www.boiteachansons.net/partitions/carlos/juste-un-rigolo,2023-01-07T13:53:44.687Z,#diagAccords div.dNomAcc,G,
https://www.boiteachansons.net/partitions/carlos/juste-un-rigolo,2023-01-07T13:53:44.687Z,#diagAccords div.dNomAcc,E7,
https://www.boiteachansons.net/partitions/carlos/juste-un-rigolo,2023-01-07T13:53:44.687Z,#diagAccords div.dNomAcc,Am7,
https://www.boiteachansons.net/partitions/carlos/juste-un-rigolo,2023-01-07T13:53:44.687Z,#diagAccords div.dNomAcc,D7,
https://www.boiteachansons.net/partitions/carlos/juste-un-rigolo,2023-01-07T13:53:44.687Z,#diagAccords div.dNomAcc,Gmaj9,
https://www.boiteachansons.net/partitions/carlos/juste-un-rigolo,2023-01-07T13:53:44.687Z,#diagAccords div.dNomAcc,G6,
https://www.boiteachansons.net/partitions/carlos/juste-un-rigolo,2023-01-07T13:53:44.687Z,#diagAccords div.dNomAcc,G(dim),
https://www.boiteachansons.net/partitions/carlos/juste-un-rigolo,2023-01-07T13:53:44.687Z,#diagAccords div.dNomAcc,Dm7,
https://www.boiteachansons.net/partitions/carlos/juste-un-rigolo,2023-01-07T13:53:44.687Z,#diagAccords div.dNomAcc,Am,
https://www.boiteachansons.net/partitions/carlos/juste-un-rigolo,2023-01-07T13:53:44.687Z,#diagAccords div.dNomAcc,Cm,
https://www.boiteachansons.net/partitions/carlos/juste-un-rigolo,2023-01-07T13:53:44.687Z,#diagAccords div.dNomAcc,Gmaj7,
https://www.boiteachansons.net/partitions/carlos/juste-un-rigolo,2023-01-07T13:53:44.687Z,#diagAccords div.dNomAcc,G7,
https://www.boiteachansons.net/partitions/carlos/juste-un-rigolo,2023-01-07T13:53:44.687Z,#diagAccords div.dNomAcc,F,
https://www.boiteachansons.net/partitions/carlos/juste-un-rigolo,2023-01-07T13:53:44.687Z,#diagAccords div.dNomAcc,F♯7,
https://www.boiteachansons.net/partitions/carlos/juste-un-rigolo,2023-01-07T13:53:44.687Z,#diagAccords div.dNomAcc,F7,
https://www.boiteachansons.net/partitions/carlos/juste-un-rigolo,2023-01-07T13:53:44.687Z,#diagAccords div.dNomAcc,E9,
https://www.boiteachansons.net/partitions/carlos/juste-un-rigolo,2023-01-07T13:53:44.687Z,#diagAccords div.dNomAcc,A9,
https://www.boiteachansons.net/partitions/carlos/juste-un-rigolo,2023-01-07T13:53:44.687Z,#diagAccords div.dNomAcc,D9,
https://www.boiteachansons.net/partitions/carlos/juste-un-rigolo,2023-01-07T13:53:44.687Z,#diagAccords div.dNomAcc,C,
https://www.boiteachansons.net/partitions/carlos/juste-un-rigolo,2023-01-07T13:53:44.687Z,#diagAccords div.dNomAcc,A7,
https://www.boiteachansons.net/partitions/carlos/juste-un-rigolo,2023-01-07T13:53:44.687Z,#diagAccords div.dNomAcc,F♯/G,
https://www.boiteachansons.net/partitions/carlos/juste-un-rigolo,2023-01-07T13:53:44.687Z,li.liTonalElmtSlct,,G
https://www.boiteachansons.net/partitions/henri-salvador/jardin-d-hiver,2023-01-07T13:53:45.312Z,#diagAccords div.dNomAcc,C♯7(♭9),
https://www.boiteachansons.net/partitions/henri-salvador/jardin-d-hiver,2023-01-07T13:53:45.312Z,#diagAccords div.dNomAcc,F♯m7,
https://www.boiteachansons.net/partitions/henri-salvador/jardin-d-hiver,2023-01-07T13:53:45.312Z,#diagAccords div.dNomAcc,C♯7,
https://www.boiteachansons.net/partitions/henri-salvador/jardin-d-hiver,2023-01-07T13:53:45.312Z,#diagAccords div.dNomAcc,F♯m,
https://www.boiteachansons.net/partitions/henri-salvador/jardin-d-hiver,2023-01-07T13:53:45.312Z,#diagAccords div.dNomAcc,Bm7,
https://www.boiteachansons.net/partitions/henri-salvador/jardin-d-hiver,2023-01-07T13:53:45.312Z,#diagAccords div.dNomAcc,E9/B,
https://www.boiteachansons.net/partitions/henri-salvador/jardin-d-hiver,2023-01-07T13:53:45.312Z,#diagAccords div.dNomAcc,Amaj7,
https://www.boiteachansons.net/partitions/henri-salvador/jardin-d-hiver,2023-01-07T13:53:45.312Z,li.liTonalElmtSlct,,F
https://www.boiteachansons.net/partitions/rocco-granata/marina,2023-01-07T13:53:46.198Z,#diagAccords div.dNomAcc,C,
https://www.boiteachansons.net/partitions/rocco-granata/marina,2023-01-07T13:53:46.198Z,#diagAccords div.dNomAcc,G,
https://www.boiteachansons.net/partitions/rocco-granata/marina,2023-01-07T13:53:46.198Z,#diagAccords div.dNomAcc,Dm7,
https://www.boiteachansons.net/partitions/rocco-granata/marina,2023-01-07T13:53:46.198Z,#diagAccords div.dNomAcc,Dm,
https://www.boiteachansons.net/partitions/rocco-granata/marina,2023-01-07T13:53:46.198Z,#diagAccords div.dNomAcc,G7,
https://www.boiteachansons.net/partitions/rocco-granata/marina,2023-01-07T13:53:46.198Z,li.liTonalElmtSlct,,C
https://www.boiteachansons.net/partitions/styx/boat-on-the-river,2023-01-07T13:53:46.944Z,#diagAccords div.dNomAcc,Dm,
https://www.boiteachansons.net/partitions/styx/boat-on-the-river,2023-01-07T13:53:46.944Z,#diagAccords div.dNomAcc,C,
https://www.boiteachansons.net/partitions/styx/boat-on-the-river,2023-01-07T13:53:46.944Z,#diagAccords div.dNomAcc,A7,
https://www.boiteachansons.net/partitions/styx/boat-on-the-river,2023-01-07T13:53:46.944Z,#diagAccords div.dNomAcc,G,
https://www.boiteachansons.net/partitions/styx/boat-on-the-river,2023-01-07T13:53:46.944Z,#diagAccords div.dNomAcc,E,
https://www.boiteachansons.net/partitions/styx/boat-on-the-river,2023-01-07T13:53:46.944Z,li.liTonalElmtSlct,,D
https://www.boiteachansons.net/partitions/cat-stevens/lady-d-arbanville,2023-01-07T13:53:47.959Z,#diagAccords div.dNomAcc,Bm,
https://www.boiteachansons.net/partitions/cat-stevens/lady-d-arbanville,2023-01-07T13:53:47.959Z,#diagAccords div.dNomAcc,Em,
https://www.boiteachansons.net/partitions/cat-stevens/lady-d-arbanville,2023-01-07T13:53:47.959Z,#diagAccords div.dNomAcc,D,
https://www.boiteachansons.net/partitions/cat-stevens/lady-d-arbanville,2023-01-07T13:53:47.959Z,li.liTonalElmtSlct,,E
https://www.boiteachansons.net/partitions/joe-dassin/les-champs-elysees,2023-01-07T13:53:48.853Z,#diagAccords div.dNomAcc,G,
https://www.boiteachansons.net/partitions/joe-dassin/les-champs-elysees,2023-01-07T13:53:48.853Z,#diagAccords div.dNomAcc,D/F♯,
https://www.boiteachansons.net/partitions/joe-dassin/les-champs-elysees,2023-01-07T13:53:48.853Z,#diagAccords div.dNomAcc,Em,
https://www.boiteachansons.net/partitions/joe-dassin/les-champs-elysees,2023-01-07T13:53:48.853Z,#diagAccords div.dNomAcc,G7/D,
https://www.boiteachansons.net/partitions/joe-dassin/les-champs-elysees,2023-01-07T13:53:48.853Z,#diagAccords div.dNomAcc,C,
https://www.boiteachansons.net/partitions/joe-dassin/les-champs-elysees,2023-01-07T13:53:48.853Z,#diagAccords div.dNomAcc,G/B,
https://www.boiteachansons.net/partitions/joe-dassin/les-champs-elysees,2023-01-07T13:53:48.853Z,#diagAccords div.dNomAcc,A7,
https://www.boiteachansons.net/partitions/joe-dassin/les-champs-elysees,2023-01-07T13:53:48.853Z,#diagAccords div.dNomAcc,D7,
https://www.boiteachansons.net/partitions/joe-dassin/les-champs-elysees,2023-01-07T13:53:48.853Z,#diagAccords div.dNomAcc,B7,
https://www.boiteachansons.net/partitions/joe-dassin/les-champs-elysees,2023-01-07T13:53:48.853Z,#diagAccords div.dNomAcc,G7,
https://www.boiteachansons.net/partitions/joe-dassin/les-champs-elysees,2023-01-07T13:53:48.853Z,#diagAccords div.dNomAcc,B7/F♯,
https://www.boiteachansons.net/partitions/joe-dassin/les-champs-elysees,2023-01-07T13:53:48.853Z,#diagAccords div.dNomAcc,Am7,
https://www.boiteachansons.net/partitions/joe-dassin/les-champs-elysees,2023-01-07T13:53:48.853Z,li.liTonalElmtSlct,,G
https://www.boiteachansons.net/partitions/folklore/aupres-de-ma-blonde,2023-01-07T13:53:49.767Z,#diagAccords div.dNomAcc,C,
https://www.boiteachansons.net/partitions/folklore/aupres-de-ma-blonde,2023-01-07T13:53:49.767Z,#diagAccords div.dNomAcc,Am,
https://www.boiteachansons.net/partitions/folklore/aupres-de-ma-blonde,2023-01-07T13:53:49.767Z,#diagAccords div.dNomAcc,Em,
https://www.boiteachansons.net/partitions/folklore/aupres-de-ma-blonde,2023-01-07T13:53:49.767Z,#diagAccords div.dNomAcc,A,
https://www.boiteachansons.net/partitions/folklore/aupres-de-ma-blonde,2023-01-07T13:53:49.767Z,#diagAccords div.dNomAcc,Dm,
https://www.boiteachansons.net/partitions/folklore/aupres-de-ma-blonde,2023-01-07T13:53:49.767Z,#diagAccords div.dNomAcc,G7,
https://www.boiteachansons.net/partitions/folklore/aupres-de-ma-blonde,2023-01-07T13:53:49.767Z,#diagAccords div.dNomAcc,G,
https://www.boiteachansons.net/partitions/folklore/aupres-de-ma-blonde,2023-01-07T13:53:49.767Z,li.liTonalElmtSlct,,C
https://www.boiteachansons.net/partitions/yodelice/five-thousand-nights,2023-01-07T13:53:50.404Z,#diagAccords div.dNomAcc,Am,
https://www.boiteachansons.net/partitions/yodelice/five-thousand-nights,2023-01-07T13:53:50.404Z,#diagAccords div.dNomAcc,C,
https://www.boiteachansons.net/partitions/yodelice/five-thousand-nights,2023-01-07T13:53:50.404Z,#diagAccords div.dNomAcc,Em,
https://www.boiteachansons.net/partitions/yodelice/five-thousand-nights,2023-01-07T13:53:50.404Z,#diagAccords div.dNomAcc,F,
https://www.boiteachansons.net/partitions/yodelice/five-thousand-nights,2023-01-07T13:53:50.404Z,#diagAccords div.dNomAcc,Dm,
https://www.boiteachansons.net/partitions/yodelice/five-thousand-nights,2023-01-07T13:53:50.404Z,li.liTonalElmtSlct,,A
https://www.boiteachansons.net/partitions/louis-jean-cormier/l%E2%80%99ironie-du-sort,2023-01-07T13:53:51.342Z,#diagAccords div.dNomAcc,G(dim),
https://www.boiteachansons.net/partitions/louis-jean-cormier/l%E2%80%99ironie-du-sort,2023-01-07T13:53:51.342Z,#diagAccords div.dNomAcc,F,
https://www.boiteachansons.net/partitions/louis-jean-cormier/l%E2%80%99ironie-du-sort,2023-01-07T13:53:51.342Z,#diagAccords div.dNomAcc,Dm,
https://www.boiteachansons.net/partitions/louis-jean-cormier/l%E2%80%99ironie-du-sort,2023-01-07T13:53:51.342Z,#diagAccords div.dNomAcc,B♭maj7,
https://www.boiteachansons.net/partitions/louis-jean-cormier/l%E2%80%99ironie-du-sort,2023-01-07T13:53:51.342Z,#diagAccords div.dNomAcc,Am,
https://www.boiteachansons.net/partitions/louis-jean-cormier/l%E2%80%99ironie-du-sort,2023-01-07T13:53:51.342Z,#diagAccords div.dNomAcc,B♭,
https://www.boiteachansons.net/partitions/louis-jean-cormier/l%E2%80%99ironie-du-sort,2023-01-07T13:53:51.342Z,#diagAccords div.dNomAcc,C♯(dim),
https://www.boiteachansons.net/partitions/louis-jean-cormier/l%E2%80%99ironie-du-sort,2023-01-07T13:53:51.342Z,#diagAccords div.dNomAcc,D,
https://www.boiteachansons.net/partitions/louis-jean-cormier/l%E2%80%99ironie-du-sort,2023-01-07T13:53:51.342Z,#diagAccords div.dNomAcc,Gm,
https://www.boiteachansons.net/partitions/louis-jean-cormier/l%E2%80%99ironie-du-sort,2023-01-07T13:53:51.342Z,#diagAccords div.dNomAcc,B♭m,
https://www.boiteachansons.net/partitions/louis-jean-cormier/l%E2%80%99ironie-du-sort,2023-01-07T13:53:51.342Z,li.liTonalElmtSlct,,F
https://www.boiteachansons.net/partitions/eddy-mitchell/couleur-menthe-a-l-eau,2023-01-07T13:53:51.940Z,#diagAccords div.dNomAcc,F,
https://www.boiteachansons.net/partitions/eddy-mitchell/couleur-menthe-a-l-eau,2023-01-07T13:53:51.940Z,#diagAccords div.dNomAcc,G(sus4),
https://www.boiteachansons.net/partitions/eddy-mitchell/couleur-menthe-a-l-eau,2023-01-07T13:53:51.940Z,#diagAccords div.dNomAcc,G,
https://www.boiteachansons.net/partitions/eddy-mitchell/couleur-menthe-a-l-eau,2023-01-07T13:53:51.940Z,#diagAccords div.dNomAcc,Am,
https://www.boiteachansons.net/partitions/eddy-mitchell/couleur-menthe-a-l-eau,2023-01-07T13:53:51.940Z,#diagAccords div.dNomAcc,Bm7,
https://www.boiteachansons.net/partitions/eddy-mitchell/couleur-menthe-a-l-eau,2023-01-07T13:53:51.940Z,#diagAccords div.dNomAcc,E,
https://www.boiteachansons.net/partitions/eddy-mitchell/couleur-menthe-a-l-eau,2023-01-07T13:53:51.940Z,#diagAccords div.dNomAcc,Fmaj7,
https://www.boiteachansons.net/partitions/eddy-mitchell/couleur-menthe-a-l-eau,2023-01-07T13:53:51.940Z,#diagAccords div.dNomAcc,Cmaj9/D,
https://www.boiteachansons.net/partitions/eddy-mitchell/couleur-menthe-a-l-eau,2023-01-07T13:53:51.940Z,#diagAccords div.dNomAcc,C,
https://www.boiteachansons.net/partitions/eddy-mitchell/couleur-menthe-a-l-eau,2023-01-07T13:53:51.940Z,#diagAccords div.dNomAcc,Cmaj7/B,
https://www.boiteachansons.net/partitions/eddy-mitchell/couleur-menthe-a-l-eau,2023-01-07T13:53:51.940Z,#diagAccords div.dNomAcc,C6/A,
https://www.boiteachansons.net/partitions/eddy-mitchell/couleur-menthe-a-l-eau,2023-01-07T13:53:51.940Z,#diagAccords div.dNomAcc,A,
https://www.boiteachansons.net/partitions/eddy-mitchell/couleur-menthe-a-l-eau,2023-01-07T13:53:51.940Z,li.liTonalElmtSlct,,A
https://www.boiteachansons.net/partitions/loudon-wainwright-iii/the-swimming-song,2023-01-07T13:53:52.988Z,#diagAccords div.dNomAcc,G,
https://www.boiteachansons.net/partitions/loudon-wainwright-iii/the-swimming-song,2023-01-07T13:53:52.988Z,#diagAccords div.dNomAcc,D(sus2),
https://www.boiteachansons.net/partitions/loudon-wainwright-iii/the-swimming-song,2023-01-07T13:53:52.988Z,#diagAccords div.dNomAcc,Em,
https://www.boiteachansons.net/partitions/loudon-wainwright-iii/the-swimming-song,2023-01-07T13:53:52.988Z,#diagAccords div.dNomAcc,C,
https://www.boiteachansons.net/partitions/loudon-wainwright-iii/the-swimming-song,2023-01-07T13:53:52.988Z,#diagAccords div.dNomAcc,D7,
https://www.boiteachansons.net/partitions/loudon-wainwright-iii/the-swimming-song,2023-01-07T13:53:52.988Z,li.liTonalElmtSlct,,G
https://www.boiteachansons.net/partitions/thomas-fersen/louise,2023-01-07T13:53:53.644Z,#diagAccords div.dNomAcc,Am,
https://www.boiteachansons.net/partitions/thomas-fersen/louise,2023-01-07T13:53:53.644Z,#diagAccords div.dNomAcc,Dm,
https://www.boiteachansons.net/partitions/thomas-fersen/louise,2023-01-07T13:53:53.644Z,#diagAccords div.dNomAcc,E7,
https://www.boiteachansons.net/partitions/thomas-fersen/louise,2023-01-07T13:53:53.644Z,#diagAccords div.dNomAcc,G,
https://www.boiteachansons.net/partitions/thomas-fersen/louise,2023-01-07T13:53:53.644Z,#diagAccords div.dNomAcc,C,
https://www.boiteachansons.net/partitions/thomas-fersen/louise,2023-01-07T13:53:53.644Z,li.liTonalElmtSlct,,A
https://www.boiteachansons.net/partitions/les-frangines/demain-des-l-aube,2023-01-07T13:53:54.538Z,#diagAccords div.dNomAcc,Em,
https://www.boiteachansons.net/partitions/les-frangines/demain-des-l-aube,2023-01-07T13:53:54.538Z,#diagAccords div.dNomAcc,C,
https://www.boiteachansons.net/partitions/les-frangines/demain-des-l-aube,2023-01-07T13:53:54.538Z,#diagAccords div.dNomAcc,G,
https://www.boiteachansons.net/partitions/les-frangines/demain-des-l-aube,2023-01-07T13:53:54.538Z,#diagAccords div.dNomAcc,D,
https://www.boiteachansons.net/partitions/les-frangines/demain-des-l-aube,2023-01-07T13:53:54.538Z,li.liTonalElmtSlct,,E
https://www.boiteachansons.net/partitions/counting-crows/accidentally-in-love,2023-01-07T13:53:55.181Z,#diagAccords div.dNomAcc,G,
https://www.boiteachansons.net/partitions/counting-crows/accidentally-in-love,2023-01-07T13:53:55.181Z,#diagAccords div.dNomAcc,C,
https://www.boiteachansons.net/partitions/counting-crows/accidentally-in-love,2023-01-07T13:53:55.181Z,#diagAccords div.dNomAcc,D,
https://www.boiteachansons.net/partitions/counting-crows/accidentally-in-love,2023-01-07T13:53:55.181Z,#diagAccords div.dNomAcc,Em,
https://www.boiteachansons.net/partitions/counting-crows/accidentally-in-love,2023-01-07T13:53:55.181Z,#diagAccords div.dNomAcc,A,
https://www.boiteachansons.net/partitions/counting-crows/accidentally-in-love,2023-01-07T13:53:55.181Z,#diagAccords div.dNomAcc,Am,
https://www.boiteachansons.net/partitions/counting-crows/accidentally-in-love,2023-01-07T13:53:55.181Z,li.liTonalElmtSlct,,C