url;selector;notes ;Colonne1;tonalitÃ©;Colonne2
francis-cabrel/je-l-aime-a-mourir;Chords;C;C;;
francis-cabrel/je-l-aime-a-mourir;Chords;C/B;C,C/B;;
francis-cabrel/je-l-aime-a-mourir;Chords;G/D;C,C/B,G/D;;
francis-cabrel/je-l-aime-a-mourir;Chords;Am;C,C/B,G/D,Am;;
francis-cabrel/je-l-aime-a-mourir;Chords;Dm;C,C/B,G/D,Am,Dm;;
francis-cabrel/je-l-aime-a-mourir;Chords;F;C,C/B,G/D,Am,Dm,F;;
francis-cabrel/je-l-aime-a-mourir;Chords;G7;C,C/B,G/D,Am,Dm,F,G7;;
francis-cabrel/je-l-aime-a-mourir;Chords;E;C,C/B,G/D,Am,Dm,F,G7,E;;
francis-cabrel/je-l-aime-a-mourir;Chords;G;C,C/B,G/D,Am,Dm,F,G7,E,G;;
francis-cabrel/je-l-aime-a-mourir;Chords;Bâ™­;C,C/B,G/D,Am,Dm,F,G7,E,G,Bâ™­;;
francis-cabrel/je-l-aime-a-mourir;Key;;C,C/B,G/D,Am,Dm,F,G7,E,G,Bâ™­,;C;"1,""C,C/B,G/D,Am,Dm,F,G7,E,G,Bâ™­,"""
jeff-buckley/hallelujah;Chords;G;G;;
jeff-buckley/hallelujah;Chords;Em;G,Em;;
jeff-buckley/hallelujah;Chords;C;G,Em,C;;
jeff-buckley/hallelujah;Chords;D;G,Em,C,D;;
jeff-buckley/hallelujah;Chords;B7;G,Em,C,D,B7;;
jeff-buckley/hallelujah;Key;;G,Em,C,D,B7,;G;"1,""G,Em,C,D,B7,"""
jean-ferrat/la-montagne;Chords;G;G;;
jean-ferrat/la-montagne;Chords;Em;G,Em;;
jean-ferrat/la-montagne;Chords;C;G,Em,C;;
jean-ferrat/la-montagne;Chords;D;G,Em,C,D;;
jean-ferrat/la-montagne;Chords;Am;G,Em,C,D,Am;;
jean-ferrat/la-montagne;Chords;D7;G,Em,C,D,Am,D7;;
jean-ferrat/la-montagne;Chords;Bm;G,Em,C,D,Am,D7,Bm;;
jean-ferrat/la-montagne;Chords;G7;G,Em,C,D,Am,D7,Bm,G7;;
jean-ferrat/la-montagne;Key;;G,Em,C,D,Am,D7,Bm,G7,;G;"1,""G,Em,C,D,Am,D7,Bm,G7,"""
vianney/beau-papa;Chords;Am;Am;;
vianney/beau-papa;Chords;Dm7;Am,Dm7;;
vianney/beau-papa;Chords;G;Am,Dm7,G;;
vianney/beau-papa;Chords;Em;Am,Dm7,G,Em;;
vianney/beau-papa;Chords;F;Am,Dm7,G,Em,F;;
vianney/beau-papa;Chords;Dm;Am,Dm7,G,Em,F,Dm;;
vianney/beau-papa;Key;;Am,Dm7,G,Em,F,Dm,;A;"1,""Am,Dm7,G,Em,F,Dm,"""
nino-ferrer/le-sud;Chords;C;C;;
nino-ferrer/le-sud;Chords;Em/B;C,Em/B;;
nino-ferrer/le-sud;Chords;Am;C,Em/B,Am;;
nino-ferrer/le-sud;Chords;C/G;C,Em/B,Am,C/G;;
nino-ferrer/le-sud;Chords;D7/Fâ™¯;C,Em/B,Am,C/G,D7/Fâ™¯;;
nino-ferrer/le-sud;Chords;Fm;C,Em/B,Am,C/G,D7/Fâ™¯,Fm;;
nino-ferrer/le-sud;Chords;F;C,Em/B,Am,C/G,D7/Fâ™¯,Fm,F;;
nino-ferrer/le-sud;Chords;Em;C,Em/B,Am,C/G,D7/Fâ™¯,Fm,F,Em;;
nino-ferrer/le-sud;Chords;C7;C,Em/B,Am,C/G,D7/Fâ™¯,Fm,F,Em,C7;;
nino-ferrer/le-sud;Chords;Am7/G;C,Em/B,Am,C/G,D7/Fâ™¯,Fm,F,Em,C7,Am7/G;;
nino-ferrer/le-sud;Chords;D/Fâ™¯;C,Em/B,Am,C/G,D7/Fâ™¯,Fm,F,Em,C7,Am7/G,D/Fâ™¯;;
nino-ferrer/le-sud;Chords;D4/G;C,Em/B,Am,C/G,D7/Fâ™¯,Fm,F,Em,C7,Am7/G,D/Fâ™¯,D4/G;;
nino-ferrer/le-sud;Chords;D/A;C,Em/B,Am,C/G,D7/Fâ™¯,Fm,F,Em,C7,Am7/G,D/Fâ™¯,D4/G,D/A;;
nino-ferrer/le-sud;Chords;D/B;C,Em/B,Am,C/G,D7/Fâ™¯,Fm,F,Em,C7,Am7/G,D/Fâ™¯,D4/G,D/A,D/B;;
nino-ferrer/le-sud;Chords;Dm7/C;C,Em/B,Am,C/G,D7/Fâ™¯,Fm,F,Em,C7,Am7/G,D/Fâ™¯,D4/G,D/A,D/B,Dm7/C;;
nino-ferrer/le-sud;Chords;Dm7;C,Em/B,Am,C/G,D7/Fâ™¯,Fm,F,Em,C7,Am7/G,D/Fâ™¯,D4/G,D/A,D/B,Dm7/C,Dm7;;
nino-ferrer/le-sud;Chords;Dm7/G;C,Em/B,Am,C/G,D7/Fâ™¯,Fm,F,Em,C7,Am7/G,D/Fâ™¯,D4/G,D/A,D/B,Dm7/C,Dm7,Dm7/G;;
nino-ferrer/le-sud;Key;;C,Em/B,Am,C/G,D7/Fâ™¯,Fm,F,Em,C7,Am7/G,D/Fâ™¯,D4/G,D/A,D/B,Dm7/C,Dm7,Dm7/G,;C;"1,""C,Em/B,Am,C/G,D7/Fâ™¯,Fm,F,Em,C7,Am7/G,D/Fâ™¯,D4/G,D/A,D/B,Dm7/C,Dm7,Dm7/G,"""
francis-cabrel/la-corrida;Chords;Dm;Dm;;
francis-cabrel/la-corrida;Chords;F;Dm,F;;
francis-cabrel/la-corrida;Chords;C;Dm,F,C;;
francis-cabrel/la-corrida;Chords;Bâ™­2;Dm,F,C,Bâ™­2;;
francis-cabrel/la-corrida;Chords;C2;Dm,F,C,Bâ™­2,C2;;
francis-cabrel/la-corrida;Chords;D4;Dm,F,C,Bâ™­2,C2,D4;;
francis-cabrel/la-corrida;Chords;A;Dm,F,C,Bâ™­2,C2,D4,A;;
francis-cabrel/la-corrida;Chords;A4;Dm,F,C,Bâ™­2,C2,D4,A,A4;;
francis-cabrel/la-corrida;Key;;Dm,F,C,Bâ™­2,C2,D4,A,A4,;B;"1,""Dm,F,C,Bâ™­2,C2,D4,A,A4,"""
charles-aznavour/la-boheme;Chords;Dm;Dm;;
charles-aznavour/la-boheme;Chords;Bm7(â™­5);Dm,Bm7(â™­5);;
charles-aznavour/la-boheme;Chords;Am;Dm,Bm7(â™­5),Am;;
charles-aznavour/la-boheme;Chords;Dm7;Dm,Bm7(â™­5),Am,Dm7;;
charles-aznavour/la-boheme;Chords;E9;Dm,Bm7(â™­5),Am,Dm7,E9;;
charles-aznavour/la-boheme;Chords;Am7;Dm,Bm7(â™­5),Am,Dm7,E9,Am7;;
charles-aznavour/la-boheme;Chords;E7;Dm,Bm7(â™­5),Am,Dm7,E9,Am7,E7;;
charles-aznavour/la-boheme;Chords;A7;Dm,Bm7(â™­5),Am,Dm7,E9,Am7,E7,A7;;
charles-aznavour/la-boheme;Chords;Dm7/4;Dm,Bm7(â™­5),Am,Dm7,E9,Am7,E7,A7,Dm7/4;;
charles-aznavour/la-boheme;Chords;Dm9;Dm,Bm7(â™­5),Am,Dm7,E9,Am7,E7,A7,Dm7/4,Dm9;;
charles-aznavour/la-boheme;Key;;Dm,Bm7(â™­5),Am,Dm7,E9,Am7,E7,A7,Dm7/4,Dm9,;A;"1,""Dm,Bm7(â™­5),Am,Dm7,E9,Am7,E7,A7,Dm7/4,Dm9,"""
patrick-bruel/encore-une-fois;Chords;B4;B4;;
patrick-bruel/encore-une-fois;Chords;B;B4,B;;
patrick-bruel/encore-une-fois;Chords;E;B4,B,E;;
patrick-bruel/encore-une-fois;Chords;A;B4,B,E,A;;
patrick-bruel/encore-une-fois;Chords;Câ™¯m;B4,B,E,A,Câ™¯m;;
patrick-bruel/encore-une-fois;Chords;Fâ™¯m;B4,B,E,A,Câ™¯m,Fâ™¯m;;
patrick-bruel/encore-une-fois;Chords;Amaj7;B4,B,E,A,Câ™¯m,Fâ™¯m,Amaj7;;
patrick-bruel/encore-une-fois;Chords;Fâ™¯m9;B4,B,E,A,Câ™¯m,Fâ™¯m,Amaj7,Fâ™¯m9;;
patrick-bruel/encore-une-fois;Chords;B6;B4,B,E,A,Câ™¯m,Fâ™¯m,Amaj7,Fâ™¯m9,B6;;
patrick-bruel/encore-une-fois;Chords;Gâ™¯4;B4,B,E,A,Câ™¯m,Fâ™¯m,Amaj7,Fâ™¯m9,B6,Gâ™¯4;;
patrick-bruel/encore-une-fois;Chords;Gâ™¯;B4,B,E,A,Câ™¯m,Fâ™¯m,Amaj7,Fâ™¯m9,B6,Gâ™¯4,Gâ™¯;;
patrick-bruel/encore-une-fois;Key;;B4,B,E,A,Câ™¯m,Fâ™¯m,Amaj7,Fâ™¯m9,B6,Gâ™¯4,Gâ™¯,;E;"1,""B4,B,E,A,Câ™¯m,Fâ™¯m,Amaj7,Fâ™¯m9,B6,Gâ™¯4,Gâ™¯,"""
patrick-bruel/casser-la-voix;Chords;C;C;;
patrick-bruel/casser-la-voix;Chords;G;C,G;;
patrick-bruel/casser-la-voix;Chords;Dm;C,G,Dm;;
patrick-bruel/casser-la-voix;Chords;F;C,G,Dm,F;;
patrick-bruel/casser-la-voix;Key;;C,G,Dm,F,;C;"1,""C,G,Dm,F,"""
charles-aznavour/ave-maria;Chords;E7;E7;;
charles-aznavour/ave-maria;Chords;Am;E7,Am;;
charles-aznavour/ave-maria;Chords;C;E7,Am,C;;
charles-aznavour/ave-maria;Chords;Em;E7,Am,C,Em;;
charles-aznavour/ave-maria;Chords;Gm;E7,Am,C,Em,Gm;;
charles-aznavour/ave-maria;Chords;A7;E7,Am,C,Em,Gm,A7;;
charles-aznavour/ave-maria;Chords;Dm;E7,Am,C,Em,Gm,A7,Dm;;
charles-aznavour/ave-maria;Chords;Fm;E7,Am,C,Em,Gm,A7,Dm,Fm;;
charles-aznavour/ave-maria;Chords;Bâ™­7;E7,Am,C,Em,Gm,A7,Dm,Fm,Bâ™­7;;
charles-aznavour/ave-maria;Chords;Eâ™­;E7,Am,C,Em,Gm,A7,Dm,Fm,Bâ™­7,Eâ™­;;
charles-aznavour/ave-maria;Chords;Cm;E7,Am,C,Em,Gm,A7,Dm,Fm,Bâ™­7,Eâ™­,Cm;;
charles-aznavour/ave-maria;Chords;G7;E7,Am,C,Em,Gm,A7,Dm,Fm,Bâ™­7,Eâ™­,Cm,G7;;
charles-aznavour/ave-maria;Chords;B7;E7,Am,C,Em,Gm,A7,Dm,Fm,Bâ™­7,Eâ™­,Cm,G7,B7;;
charles-aznavour/ave-maria;Chords;A(sus4);E7,Am,C,Em,Gm,A7,Dm,Fm,Bâ™­7,Eâ™­,Cm,G7,B7,A(sus4);;
charles-aznavour/ave-maria;Chords;E;E7,Am,C,Em,Gm,A7,Dm,Fm,Bâ™­7,Eâ™­,Cm,G7,B7,A(sus4),E;;
charles-aznavour/ave-maria;Chords;Dâ™¯7(dim);E7,Am,C,Em,Gm,A7,Dm,Fm,Bâ™­7,Eâ™­,Cm,G7,B7,A(sus4),E,Dâ™¯7(dim);;
charles-aznavour/ave-maria;Chords;E(sus4);E7,Am,C,Em,Gm,A7,Dm,Fm,Bâ™­7,Eâ™­,Cm,G7,B7,A(sus4),E,Dâ™¯7(dim),E(sus4);;
charles-aznavour/ave-maria;Chords;F;E7,Am,C,Em,Gm,A7,Dm,Fm,Bâ™­7,Eâ™­,Cm,G7,B7,A(sus4),E,Dâ™¯7(dim),E(sus4),F;;
charles-aznavour/ave-maria;Chords;G;E7,Am,C,Em,Gm,A7,Dm,Fm,Bâ™­7,Eâ™­,Cm,G7,B7,A(sus4),E,Dâ™¯7(dim),E(sus4),F,G;;
charles-aznavour/ave-maria;Chords;B(aug);E7,Am,C,Em,Gm,A7,Dm,Fm,Bâ™­7,Eâ™­,Cm,G7,B7,A(sus4),E,Dâ™¯7(dim),E(sus4),F,G,B(aug);;
charles-aznavour/ave-maria;Chords;A;E7,Am,C,Em,Gm,A7,Dm,Fm,Bâ™­7,Eâ™­,Cm,G7,B7,A(sus4),E,Dâ™¯7(dim),E(sus4),F,G,B(aug),A;;
charles-aznavour/ave-maria;Chords;G4;E7,Am,C,Em,Gm,A7,Dm,Fm,Bâ™­7,Eâ™­,Cm,G7,B7,A(sus4),E,Dâ™¯7(dim),E(sus4),F,G,B(aug),A,G4;;
charles-aznavour/ave-maria;Chords;Aâ™­;E7,Am,C,Em,Gm,A7,Dm,Fm,Bâ™­7,Eâ™­,Cm,G7,B7,A(sus4),E,Dâ™¯7(dim),E(sus4),F,G,B(aug),A,G4,Aâ™­;;
charles-aznavour/ave-maria;Chords;D7;E7,Am,C,Em,Gm,A7,Dm,Fm,Bâ™­7,Eâ™­,Cm,G7,B7,A(sus4),E,Dâ™¯7(dim),E(sus4),F,G,B(aug),A,G4,Aâ™­,D7;;
charles-aznavour/ave-maria;Key;;E7,Am,C,Em,Gm,A7,Dm,Fm,Bâ™­7,Eâ™­,Cm,G7,B7,A(sus4),E,Dâ™¯7(dim),E(sus4),F,G,B(aug),A,G4,Aâ™­,D7,;C;"1,""E7,Am,C,Em,Gm,A7,Dm,Fm,Bâ™­7,Eâ™­,Cm,G7,B7,A(sus4),E,Dâ™¯7(dim),E(sus4),F,G,B(aug),A,G4,Aâ™­,D7,"""
vianney/pour-de-vrai;Chords;D;D;;
vianney/pour-de-vrai;Chords;Bm;D,Bm;;
vianney/pour-de-vrai;Chords;G;D,Bm,G;;
vianney/pour-de-vrai;Chords;A;D,Bm,G,A;;
vianney/pour-de-vrai;Key;;D,Bm,G,A,;D;"1,""D,Bm,G,A,"""
renaud/manhattan-kaboul;Chords;Em;Em;;
renaud/manhattan-kaboul;Chords;Em/D;Em,Em/D;;
renaud/manhattan-kaboul;Chords;Em/C;Em,Em/D,Em/C;;
renaud/manhattan-kaboul;Chords;Em/B;Em,Em/D,Em/C,Em/B;;
renaud/manhattan-kaboul;Chords;Am;Em,Em/D,Em/C,Em/B,Am;;
renaud/manhattan-kaboul;Chords;F;Em,Em/D,Em/C,Em/B,Am,F;;
renaud/manhattan-kaboul;Chords;Dm;Em,Em/D,Em/C,Em/B,Am,F,Dm;;
renaud/manhattan-kaboul;Chords;E;Em,Em/D,Em/C,Em/B,Am,F,Dm,E;;
renaud/manhattan-kaboul;Chords;G;Em,Em/D,Em/C,Em/B,Am,F,Dm,E,G;;
renaud/manhattan-kaboul;Chords;C;Em,Em/D,Em/C,Em/B,Am,F,Dm,E,G,C;;
renaud/manhattan-kaboul;Chords;E7;Em,Em/D,Em/C,Em/B,Am,F,Dm,E,G,C,E7;;
renaud/manhattan-kaboul;Chords;E/D;Em,Em/D,Em/C,Em/B,Am,F,Dm,E,G,C,E7,E/D;;
renaud/manhattan-kaboul;Chords;E/C;Em,Em/D,Em/C,Em/B,Am,F,Dm,E,G,C,E7,E/D,E/C;;
renaud/manhattan-kaboul;Chords;E/B;Em,Em/D,Em/C,Em/B,Am,F,Dm,E,G,C,E7,E/D,E/C,E/B;;
renaud/manhattan-kaboul;Key;;Em,Em/D,Em/C,Em/B,Am,F,Dm,E,G,C,E7,E/D,E/C,E/B,;A;"1,""Em,Em/D,Em/C,Em/B,Am,F,Dm,E,G,C,E7,E/D,E/C,E/B,"""
sheila/les-rois-mages;Chords;D;D;;
sheila/les-rois-mages;Chords;G;D,G;;
sheila/les-rois-mages;Chords;A;D,G,A;;
sheila/les-rois-mages;Chords;Em/B;D,G,A,Em/B;;
sheila/les-rois-mages;Key;;D,G,A,Em/B,;D;"1,""D,G,A,Em/B,"""
claudio-capeo/c-est-une-chanson;Chords;Em;Em;;
claudio-capeo/c-est-une-chanson;Chords;Am;Em,Am;;
claudio-capeo/c-est-une-chanson;Chords;B7;Em,Am,B7;;
claudio-capeo/c-est-une-chanson;Chords;E;Em,Am,B7,E;;
claudio-capeo/c-est-une-chanson;Chords;D;Em,Am,B7,E,D;;
claudio-capeo/c-est-une-chanson;Key;;Em,Am,B7,E,D,;G;"1,""Em,Am,B7,E,D,"""
calogero/c-est-dit;Chords;Bm;Bm;;
calogero/c-est-dit;Chords;Em;Bm,Em;;
calogero/c-est-dit;Chords;A7;Bm,Em,A7;;
calogero/c-est-dit;Chords;Bâ™­(dim);Bm,Em,A7,Bâ™­(dim);;
calogero/c-est-dit;Chords;Gmaj7;Bm,Em,A7,Bâ™­(dim),Gmaj7;;
calogero/c-est-dit;Chords;Em7;Bm,Em,A7,Bâ™­(dim),Gmaj7,Em7;;
calogero/c-est-dit;Chords;Dmaj7;Bm,Em,A7,Bâ™­(dim),Gmaj7,Em7,Dmaj7;;
calogero/c-est-dit;Chords;Fâ™¯4;Bm,Em,A7,Bâ™­(dim),Gmaj7,Em7,Dmaj7,Fâ™¯4;;
calogero/c-est-dit;Chords;Cm;Bm,Em,A7,Bâ™­(dim),Gmaj7,Em7,Dmaj7,Fâ™¯4,Cm;;
calogero/c-est-dit;Chords;Fm;Bm,Em,A7,Bâ™­(dim),Gmaj7,Em7,Dmaj7,Fâ™¯4,Cm,Fm;;
calogero/c-est-dit;Chords;Bâ™­7;Bm,Em,A7,Bâ™­(dim),Gmaj7,Em7,Dmaj7,Fâ™¯4,Cm,Fm,Bâ™­7;;
calogero/c-est-dit;Chords;B(dim);Bm,Em,A7,Bâ™­(dim),Gmaj7,Em7,Dmaj7,Fâ™¯4,Cm,Fm,Bâ™­7,B(dim);;
calogero/c-est-dit;Chords;Aâ™­maj7;Bm,Em,A7,Bâ™­(dim),Gmaj7,Em7,Dmaj7,Fâ™¯4,Cm,Fm,Bâ™­7,B(dim),Aâ™­maj7;;
calogero/c-est-dit;Chords;Fm7;Bm,Em,A7,Bâ™­(dim),Gmaj7,Em7,Dmaj7,Fâ™¯4,Cm,Fm,Bâ™­7,B(dim),Aâ™­maj7,Fm7;;
calogero/c-est-dit;Chords;Eâ™­maj7;Bm,Em,A7,Bâ™­(dim),Gmaj7,Em7,Dmaj7,Fâ™¯4,Cm,Fm,Bâ™­7,B(dim),Aâ™­maj7,Fm7,Eâ™­maj7;;
calogero/c-est-dit;Chords;G4;Bm,Em,A7,Bâ™­(dim),Gmaj7,Em7,Dmaj7,Fâ™¯4,Cm,Fm,Bâ™­7,B(dim),Aâ™­maj7,Fm7,Eâ™­maj7,G4;;
calogero/c-est-dit;Chords;G;Bm,Em,A7,Bâ™­(dim),Gmaj7,Em7,Dmaj7,Fâ™¯4,Cm,Fm,Bâ™­7,B(dim),Aâ™­maj7,Fm7,Eâ™­maj7,G4,G;;
calogero/c-est-dit;Key;;Bm,Em,A7,Bâ™­(dim),Gmaj7,Em7,Dmaj7,Fâ™¯4,Cm,Fm,Bâ™­7,B(dim),Aâ™­maj7,Fm7,Eâ™­maj7,G4,G,;B;"1,""Bm,Em,A7,Bâ™­(dim),Gmaj7,Em7,Dmaj7,Fâ™¯4,Cm,Fm,Bâ™­7,B(dim),Aâ™­maj7,Fm7,Eâ™­maj7,G4,G,"""
yves-duteil/prendre-un-enfant;Chords;C;C;;
yves-duteil/prendre-un-enfant;Chords;G7;C,G7;;
yves-duteil/prendre-un-enfant;Chords;C7;C,G7,C7;;
yves-duteil/prendre-un-enfant;Chords;F;C,G7,C7,F;;
yves-duteil/prendre-un-enfant;Key;;C,G7,C7,F,;C;"1,""C,G7,C7,F,"""
the-cranberries/zombie;Chords;G;G;;
the-cranberries/zombie;Chords;D/Fâ™¯;G,D/Fâ™¯;;
the-cranberries/zombie;Chords;Em;G,D/Fâ™¯,Em;;
the-cranberries/zombie;Chords;C;G,D/Fâ™¯,Em,C;;
the-cranberries/zombie;Key;;G,D/Fâ™¯,Em,C,;D;"1,""G,D/Fâ™¯,Em,C,"""
laurent-voulzy/rock-collection;Chords;Am;Am;;
laurent-voulzy/rock-collection;Chords;Dm7;Am,Dm7;;
laurent-voulzy/rock-collection;Chords;E;Am,Dm7,E;;
laurent-voulzy/rock-collection;Chords;F;Am,Dm7,E,F;;
laurent-voulzy/rock-collection;Chords;E7;Am,Dm7,E,F,E7;;
laurent-voulzy/rock-collection;Chords;A;Am,Dm7,E,F,E7,A;;
laurent-voulzy/rock-collection;Chords;Fâ™¯m;Am,Dm7,E,F,E7,A,Fâ™¯m;;
laurent-voulzy/rock-collection;Chords;Dm;Am,Dm7,E,F,E7,A,Fâ™¯m,Dm;;
laurent-voulzy/rock-collection;Chords;D9;Am,Dm7,E,F,E7,A,Fâ™¯m,Dm,D9;;
laurent-voulzy/rock-collection;Chords;G;Am,Dm7,E,F,E7,A,Fâ™¯m,Dm,D9,G;;
laurent-voulzy/rock-collection;Chords;D;Am,Dm7,E,F,E7,A,Fâ™¯m,Dm,D9,G,D;;
laurent-voulzy/rock-collection;Chords;C;Am,Dm7,E,F,E7,A,Fâ™¯m,Dm,D9,G,D,C;;
laurent-voulzy/rock-collection;Chords;Fmaj7;Am,Dm7,E,F,E7,A,Fâ™¯m,Dm,D9,G,D,C,Fmaj7;;
laurent-voulzy/rock-collection;Key;;Am,Dm7,E,F,E7,A,Fâ™¯m,Dm,D9,G,D,C,Fmaj7,;A;"1,""Am,Dm7,E,F,E7,A,Fâ™¯m,Dm,D9,G,D,C,Fmaj7,"""
lucienne-delyle/mon-amant-de-saint-jean;Chords;Cm;Cm;;
lucienne-delyle/mon-amant-de-saint-jean;Chords;Fm;Cm,Fm;;
lucienne-delyle/mon-amant-de-saint-jean;Chords;Gâ™¯;Cm,Fm,Gâ™¯;;
lucienne-delyle/mon-amant-de-saint-jean;Chords;G;Cm,Fm,Gâ™¯,G;;
lucienne-delyle/mon-amant-de-saint-jean;Chords;G7;Cm,Fm,Gâ™¯,G,G7;;
lucienne-delyle/mon-amant-de-saint-jean;Chords;Dâ™¯;Cm,Fm,Gâ™¯,G,G7,Dâ™¯;;
lucienne-delyle/mon-amant-de-saint-jean;Key;;Cm,Fm,Gâ™¯,G,G7,Dâ™¯,;C;"1,""Cm,Fm,Gâ™¯,G,G7,Dâ™¯,"""
marc-lavoine-madimmi/la-fin-d%E2%80%99une-histoire;Chords;Am;Am;;
marc-lavoine-madimmi/la-fin-d%E2%80%99une-histoire;Chords;A2;Am,A2;;
marc-lavoine-madimmi/la-fin-d%E2%80%99une-histoire;Chords;Dm;Am,A2,Dm;;
marc-lavoine-madimmi/la-fin-d%E2%80%99une-histoire;Chords;G7;Am,A2,Dm,G7;;
marc-lavoine-madimmi/la-fin-d%E2%80%99une-histoire;Chords;Em;Am,A2,Dm,G7,Em;;
marc-lavoine-madimmi/la-fin-d%E2%80%99une-histoire;Chords;F;Am,A2,Dm,G7,Em,F;;
marc-lavoine-madimmi/la-fin-d%E2%80%99une-histoire;Chords;G;Am,A2,Dm,G7,Em,F,G;;
marc-lavoine-madimmi/la-fin-d%E2%80%99une-histoire;Chords;E4;Am,A2,Dm,G7,Em,F,G,E4;;
marc-lavoine-madimmi/la-fin-d%E2%80%99une-histoire;Chords;E7;Am,A2,Dm,G7,Em,F,G,E4,E7;;
marc-lavoine-madimmi/la-fin-d%E2%80%99une-histoire;Key;;Am,A2,Dm,G7,Em,F,G,E4,E7,;A;"1,""Am,A2,Dm,G7,Em,F,G,E4,E7,"""
the-white-buffalo-the-forest-rangers/come-join-the-murder;Chords;Am;Am;;
the-white-buffalo-the-forest-rangers/come-join-the-murder;Chords;F;Am,F;;
the-white-buffalo-the-forest-rangers/come-join-the-murder;Chords;C;Am,F,C;;
the-white-buffalo-the-forest-rangers/come-join-the-murder;Chords;Em;Am,F,C,Em;;
the-white-buffalo-the-forest-rangers/come-join-the-murder;Chords;G;Am,F,C,Em,G;;
the-white-buffalo-the-forest-rangers/come-join-the-murder;Chords;Dm;Am,F,C,Em,G,Dm;;
the-white-buffalo-the-forest-rangers/come-join-the-murder;Key;;Am,F,C,Em,G,Dm,;C;"1,""Am,F,C,Em,G,Dm,"""
francis-cabrel/repondez-moi;Chords;D;D;;
francis-cabrel/repondez-moi;Chords;D9;D,D9;;
francis-cabrel/repondez-moi;Chords;Bm;D,D9,Bm;;
francis-cabrel/repondez-moi;Chords;B9;D,D9,Bm,B9;;
francis-cabrel/repondez-moi;Chords;A;D,D9,Bm,B9,A;;
francis-cabrel/repondez-moi;Chords;A9;D,D9,Bm,B9,A,A9;;
francis-cabrel/repondez-moi;Chords;G;D,D9,Bm,B9,A,A9,G;;
francis-cabrel/repondez-moi;Chords;C;D,D9,Bm,B9,A,A9,G,C;;
francis-cabrel/repondez-moi;Chords;Gm;D,D9,Bm,B9,A,A9,G,C,Gm;;
francis-cabrel/repondez-moi;Chords;Bâ™­;D,D9,Bm,B9,A,A9,G,C,Gm,Bâ™­;;
francis-cabrel/repondez-moi;Key;;D,D9,Bm,B9,A,A9,G,C,Gm,Bâ™­,;D;"1,""D,D9,Bm,B9,A,A9,G,C,Gm,Bâ™­,"""
georges-chelon/quand-tu-me-serres-dans-tes-bras;Chords;D;D;;
georges-chelon/quand-tu-me-serres-dans-tes-bras;Chords;A;D,A;;
georges-chelon/quand-tu-me-serres-dans-tes-bras;Chords;E7;D,A,E7;;
georges-chelon/quand-tu-me-serres-dans-tes-bras;Chords;E;D,A,E7,E;;
georges-chelon/quand-tu-me-serres-dans-tes-bras;Chords;Fâ™¯m;D,A,E7,E,Fâ™¯m;;
georges-chelon/quand-tu-me-serres-dans-tes-bras;Key;;D,A,E7,E,Fâ™¯m,;A;"1,""D,A,E7,E,Fâ™¯m,"""
hugues-aufray/santiano;Chords;Em;Em;;
hugues-aufray/santiano;Chords;D;Em,D;;
hugues-aufray/santiano;Chords;Am;Em,D,Am;;
hugues-aufray/santiano;Key;;Em,D,Am,;E;"1,""Em,D,Am,"""
trois-cafes-gourmands/a-nos-souvenirs;Chords;Am;Am;;
trois-cafes-gourmands/a-nos-souvenirs;Chords;F;Am,F;;
trois-cafes-gourmands/a-nos-souvenirs;Chords;C;Am,F,C;;
trois-cafes-gourmands/a-nos-souvenirs;Chords;G;Am,F,C,G;;
trois-cafes-gourmands/a-nos-souvenirs;Key;;Am,F,C,G,;A;"1,""Am,F,C,G,"""
telephone/la-bombe-humaine;Chords;A;A;;
telephone/la-bombe-humaine;Chords;A(aug);A,A(aug);;
telephone/la-bombe-humaine;Chords;Fâ™¯m;A,A(aug),Fâ™¯m;;
telephone/la-bombe-humaine;Chords;A7;A,A(aug),Fâ™¯m,A7;;
telephone/la-bombe-humaine;Chords;D;A,A(aug),Fâ™¯m,A7,D;;
telephone/la-bombe-humaine;Chords;F;A,A(aug),Fâ™¯m,A7,D,F;;
telephone/la-bombe-humaine;Chords;B7;A,A(aug),Fâ™¯m,A7,D,F,B7;;
telephone/la-bombe-humaine;Chords;D7;A,A(aug),Fâ™¯m,A7,D,F,B7,D7;;
telephone/la-bombe-humaine;Chords;F7;A,A(aug),Fâ™¯m,A7,D,F,B7,D7,F7;;
telephone/la-bombe-humaine;Chords;Dm/A;A,A(aug),Fâ™¯m,A7,D,F,B7,D7,F7,Dm/A;;
telephone/la-bombe-humaine;Chords;G;A,A(aug),Fâ™¯m,A7,D,F,B7,D7,F7,Dm/A,G;;
telephone/la-bombe-humaine;Chords;Fâ™¯;A,A(aug),Fâ™¯m,A7,D,F,B7,D7,F7,Dm/A,G,Fâ™¯;;
telephone/la-bombe-humaine;Chords;F/A;A,A(aug),Fâ™¯m,A7,D,F,B7,D7,F7,Dm/A,G,Fâ™¯,F/A;;
telephone/la-bombe-humaine;Key;;A,A(aug),Fâ™¯m,A7,D,F,B7,D7,F7,Dm/A,G,Fâ™¯,F/A,;F;"1,""A,A(aug),Fâ™¯m,A7,D,F,B7,D7,F7,Dm/A,G,Fâ™¯,F/A,"""
ben-e-king/stand-by-me;Chords;A;A;;
ben-e-king/stand-by-me;Chords;Fâ™¯m;A,Fâ™¯m;;
ben-e-king/stand-by-me;Chords;D;A,Fâ™¯m,D;;
ben-e-king/stand-by-me;Chords;E;A,Fâ™¯m,D,E;;
ben-e-king/stand-by-me;Key;;A,Fâ™¯m,D,E,;A;"1,""A,Fâ™¯m,D,E,"""
edith-piaf/la-vie-en-rose;Chords;F;F;;
edith-piaf/la-vie-en-rose;Chords;Fâ™¯7(dim);F,Fâ™¯7(dim);;
edith-piaf/la-vie-en-rose;Chords;Gm7;F,Fâ™¯7(dim),Gm7;;
edith-piaf/la-vie-en-rose;Chords;Gâ™¯7(dim);F,Fâ™¯7(dim),Gm7,Gâ™¯7(dim);;
edith-piaf/la-vie-en-rose;Chords;Cm6;F,Fâ™¯7(dim),Gm7,Gâ™¯7(dim),Cm6;;
edith-piaf/la-vie-en-rose;Chords;D7;F,Fâ™¯7(dim),Gm7,Gâ™¯7(dim),Cm6,D7;;
edith-piaf/la-vie-en-rose;Chords;Câ™¯maj7;F,Fâ™¯7(dim),Gm7,Gâ™¯7(dim),Cm6,D7,Câ™¯maj7;;
edith-piaf/la-vie-en-rose;Chords;C7;F,Fâ™¯7(dim),Gm7,Gâ™¯7(dim),Cm6,D7,Câ™¯maj7,C7;;
edith-piaf/la-vie-en-rose;Chords;Fmaj7;F,Fâ™¯7(dim),Gm7,Gâ™¯7(dim),Cm6,D7,Câ™¯maj7,C7,Fmaj7;;
edith-piaf/la-vie-en-rose;Chords;F6;F,Fâ™¯7(dim),Gm7,Gâ™¯7(dim),Cm6,D7,Câ™¯maj7,C7,Fmaj7,F6;;
edith-piaf/la-vie-en-rose;Chords;F7(dim);F,Fâ™¯7(dim),Gm7,Gâ™¯7(dim),Cm6,D7,Câ™¯maj7,C7,Fmaj7,F6,F7(dim);;
edith-piaf/la-vie-en-rose;Chords;Am7;F,Fâ™¯7(dim),Gm7,Gâ™¯7(dim),Cm6,D7,Câ™¯maj7,C7,Fmaj7,F6,F7(dim),Am7;;
edith-piaf/la-vie-en-rose;Chords;Cm7;F,Fâ™¯7(dim),Gm7,Gâ™¯7(dim),Cm6,D7,Câ™¯maj7,C7,Fmaj7,F6,F7(dim),Am7,Cm7;;
edith-piaf/la-vie-en-rose;Chords;F7;F,Fâ™¯7(dim),Gm7,Gâ™¯7(dim),Cm6,D7,Câ™¯maj7,C7,Fmaj7,F6,F7(dim),Am7,Cm7,F7;;
edith-piaf/la-vie-en-rose;Chords;Bâ™­maj7;F,Fâ™¯7(dim),Gm7,Gâ™¯7(dim),Cm6,D7,Câ™¯maj7,C7,Fmaj7,F6,F7(dim),Am7,Cm7,F7,Bâ™­maj7;;
edith-piaf/la-vie-en-rose;Chords;Bâ™­m6;F,Fâ™¯7(dim),Gm7,Gâ™¯7(dim),Cm6,D7,Câ™¯maj7,C7,Fmaj7,F6,F7(dim),Am7,Cm7,F7,Bâ™­maj7,Bâ™­m6;;
edith-piaf/la-vie-en-rose;Chords;G7;F,Fâ™¯7(dim),Gm7,Gâ™¯7(dim),Cm6,D7,Câ™¯maj7,C7,Fmaj7,F6,F7(dim),Am7,Cm7,F7,Bâ™­maj7,Bâ™­m6,G7;;
edith-piaf/la-vie-en-rose;Chords;Bâ™­m(maj7);F,Fâ™¯7(dim),Gm7,Gâ™¯7(dim),Cm6,D7,Câ™¯maj7,C7,Fmaj7,F6,F7(dim),Am7,Cm7,F7,Bâ™­maj7,Bâ™­m6,G7,Bâ™­m(maj7);;
edith-piaf/la-vie-en-rose;Chords;C;F,Fâ™¯7(dim),Gm7,Gâ™¯7(dim),Cm6,D7,Câ™¯maj7,C7,Fmaj7,F6,F7(dim),Am7,Cm7,F7,Bâ™­maj7,Bâ™­m6,G7,Bâ™­m(maj7),C;;
edith-piaf/la-vie-en-rose;Chords;Bâ™­7(dim);F,Fâ™¯7(dim),Gm7,Gâ™¯7(dim),Cm6,D7,Câ™¯maj7,C7,Fmaj7,F6,F7(dim),Am7,Cm7,F7,Bâ™­maj7,Bâ™­m6,G7,Bâ™­m(maj7),C,Bâ™­7(dim);;
edith-piaf/la-vie-en-rose;Chords;Câ™¯;F,Fâ™¯7(dim),Gm7,Gâ™¯7(dim),Cm6,D7,Câ™¯maj7,C7,Fmaj7,F6,F7(dim),Am7,Cm7,F7,Bâ™­maj7,Bâ™­m6,G7,Bâ™­m(maj7),C,Bâ™­7(dim),Câ™¯;;
edith-piaf/la-vie-en-rose;Key;;F,Fâ™¯7(dim),Gm7,Gâ™¯7(dim),Cm6,D7,Câ™¯maj7,C7,Fmaj7,F6,F7(dim),Am7,Cm7,F7,Bâ™­maj7,Bâ™­m6,G7,Bâ™­m(maj7),C,Bâ™­7(dim),Câ™¯,;F;"1,""F,Fâ™¯7(dim),Gm7,Gâ™¯7(dim),Cm6,D7,Câ™¯maj7,C7,Fmaj7,F6,F7(dim),Am7,Cm7,F7,Bâ™­maj7,Bâ™­m6,G7,Bâ™­m(maj7),C,Bâ™­7(dim),Câ™¯,"""
yves-montand/la-chansonnette;Chords;C;C;;
yves-montand/la-chansonnette;Chords;Dâ™¯(dim);C,Dâ™¯(dim);;
yves-montand/la-chansonnette;Chords;Dm7;C,Dâ™¯(dim),Dm7;;
yves-montand/la-chansonnette;Chords;G;C,Dâ™¯(dim),Dm7,G;;
yves-montand/la-chansonnette;Chords;G7;C,Dâ™¯(dim),Dm7,G,G7;;
yves-montand/la-chansonnette;Chords;C7;C,Dâ™¯(dim),Dm7,G,G7,C7;;
yves-montand/la-chansonnette;Chords;F;C,Dâ™¯(dim),Dm7,G,G7,C7,F;;
yves-montand/la-chansonnette;Chords;Fm;C,Dâ™¯(dim),Dm7,G,G7,C7,F,Fm;;
yves-montand/la-chansonnette;Chords;C/E;C,Dâ™¯(dim),Dm7,G,G7,C7,F,Fm,C/E;;
yves-montand/la-chansonnette;Chords;Eâ™­(dim);C,Dâ™¯(dim),Dm7,G,G7,C7,F,Fm,C/E,Eâ™­(dim);;
yves-montand/la-chansonnette;Chords;Câ™¯(dim);C,Dâ™¯(dim),Dm7,G,G7,C7,F,Fm,C/E,Eâ™­(dim),Câ™¯(dim);;
yves-montand/la-chansonnette;Chords;Dm;C,Dâ™¯(dim),Dm7,G,G7,C7,F,Fm,C/E,Eâ™­(dim),Câ™¯(dim),Dm;;
yves-montand/la-chansonnette;Key;;C,Dâ™¯(dim),Dm7,G,G7,C7,F,Fm,C/E,Eâ™­(dim),Câ™¯(dim),Dm,;C;"1,""C,Dâ™¯(dim),Dm7,G,G7,C7,F,Fm,C/E,Eâ™­(dim),Câ™¯(dim),Dm,"""
scorpions/send-me-an-angel;Chords;Em;Em;;
scorpions/send-me-an-angel;Chords;Cmaj7;Em,Cmaj7;;
scorpions/send-me-an-angel;Chords;D;Em,Cmaj7,D;;
scorpions/send-me-an-angel;Chords;Bm;Em,Cmaj7,D,Bm;;
scorpions/send-me-an-angel;Chords;C;Em,Cmaj7,D,Bm,C;;
scorpions/send-me-an-angel;Chords;Fâ™¯m;Em,Cmaj7,D,Bm,C,Fâ™¯m;;
scorpions/send-me-an-angel;Chords;E;Em,Cmaj7,D,Bm,C,Fâ™¯m,E;;
scorpions/send-me-an-angel;Chords;Câ™¯m;Em,Cmaj7,D,Bm,C,Fâ™¯m,E,Câ™¯m;;
scorpions/send-me-an-angel;Chords;Gâ™¯m;Em,Cmaj7,D,Bm,C,Fâ™¯m,E,Câ™¯m,Gâ™¯m;;
scorpions/send-me-an-angel;Chords;Fâ™¯;Em,Cmaj7,D,Bm,C,Fâ™¯m,E,Câ™¯m,Gâ™¯m,Fâ™¯;;
scorpions/send-me-an-angel;Chords;Dâ™¯m;Em,Cmaj7,D,Bm,C,Fâ™¯m,E,Câ™¯m,Gâ™¯m,Fâ™¯,Dâ™¯m;;
scorpions/send-me-an-angel;Key;;Em,Cmaj7,D,Bm,C,Fâ™¯m,E,Câ™¯m,Gâ™¯m,Fâ™¯,Dâ™¯m,;E;"1,""Em,Cmaj7,D,Bm,C,Fâ™¯m,E,Câ™¯m,Gâ™¯m,Fâ™¯,Dâ™¯m,"""
gipsy-kings/bamboleo;Chords;Em;Em;;
gipsy-kings/bamboleo;Chords;B7;Em,B7;;
gipsy-kings/bamboleo;Chords;Em6/9;Em,B7,Em6/9;;
gipsy-kings/bamboleo;Chords;Am;Em,B7,Em6/9,Am;;
gipsy-kings/bamboleo;Chords;Am7;Em,B7,Em6/9,Am,Am7;;
gipsy-kings/bamboleo;Chords;D7;Em,B7,Em6/9,Am,Am7,D7;;
gipsy-kings/bamboleo;Chords;Gmaj7;Em,B7,Em6/9,Am,Am7,D7,Gmaj7;;
gipsy-kings/bamboleo;Chords;C;Em,B7,Em6/9,Am,Am7,D7,Gmaj7,C;;
gipsy-kings/bamboleo;Key;;Em,B7,Em6/9,Am,Am7,D7,Gmaj7,C,;E;"1,""Em,B7,Em6/9,Am,Am7,D7,Gmaj7,C,"""
daniel-balavoine/tous-les-cris-les-sos;Chords;Am7;Am7;;
daniel-balavoine/tous-les-cris-les-sos;Chords;F;Am7,F;;
daniel-balavoine/tous-les-cris-les-sos;Chords;G;Am7,F,G;;
daniel-balavoine/tous-les-cris-les-sos;Chords;Em;Am7,F,G,Em;;
daniel-balavoine/tous-les-cris-les-sos;Chords;G7;Am7,F,G,Em,G7;;
daniel-balavoine/tous-les-cris-les-sos;Chords;C;Am7,F,G,Em,G7,C;;
daniel-balavoine/tous-les-cris-les-sos;Chords;Am;Am7,F,G,Em,G7,C,Am;;
daniel-balavoine/tous-les-cris-les-sos;Chords;Fmaj9;Am7,F,G,Em,G7,C,Am,Fmaj9;;
daniel-balavoine/tous-les-cris-les-sos;Chords;Dm;Am7,F,G,Em,G7,C,Am,Fmaj9,Dm;;
daniel-balavoine/tous-les-cris-les-sos;Chords;E4;Am7,F,G,Em,G7,C,Am,Fmaj9,Dm,E4;;
daniel-balavoine/tous-les-cris-les-sos;Chords;E;Am7,F,G,Em,G7,C,Am,Fmaj9,Dm,E4,E;;
daniel-balavoine/tous-les-cris-les-sos;Key;;Am7,F,G,Em,G7,C,Am,Fmaj9,Dm,E4,E,;A;"1,""Am7,F,G,Em,G7,C,Am,Fmaj9,Dm,E4,E,"""
maxime-le-forestier/je-veux-quitter-ce-monde-heureux;Chords;C;C;;
maxime-le-forestier/je-veux-quitter-ce-monde-heureux;Chords;D;C,D;;
maxime-le-forestier/je-veux-quitter-ce-monde-heureux;Chords;G;C,D,G;;
maxime-le-forestier/je-veux-quitter-ce-monde-heureux;Chords;Em;C,D,G,Em;;
maxime-le-forestier/je-veux-quitter-ce-monde-heureux;Chords;B7;C,D,G,Em,B7;;
maxime-le-forestier/je-veux-quitter-ce-monde-heureux;Chords;D7;C,D,G,Em,B7,D7;;
maxime-le-forestier/je-veux-quitter-ce-monde-heureux;Key;;C,D,G,Em,B7,D7,;G;"1,""C,D,G,Em,B7,D7,"""
james-blunt/you-re-beautiful;Chords;C;C;;
james-blunt/you-re-beautiful;Chords;G;C,G;;
james-blunt/you-re-beautiful;Chords;Am;C,G,Am;;
james-blunt/you-re-beautiful;Chords;F;C,G,Am,F;;
james-blunt/you-re-beautiful;Chords;G/B;C,G,Am,F,G/B;;
james-blunt/you-re-beautiful;Key;;C,G,Am,F,G/B,;C;"1,""C,G,Am,F,G/B,"""
the-beatles/let-it-be;Chords;C;C;;
the-beatles/let-it-be;Chords;G;C,G;;
the-beatles/let-it-be;Chords;Am;C,G,Am;;
the-beatles/let-it-be;Chords;F;C,G,Am,F;;
the-beatles/let-it-be;Chords;C/E;C,G,Am,F,C/E;;
the-beatles/let-it-be;Chords;Dm7;C,G,Am,F,C/E,Dm7;;
the-beatles/let-it-be;Chords;Bâ™­;C,G,Am,F,C/E,Dm7,Bâ™­;;
the-beatles/let-it-be;Chords;F/A;C,G,Am,F,C/E,Dm7,Bâ™­,F/A;;
the-beatles/let-it-be;Key;;C,G,Am,F,C/E,Dm7,Bâ™­,F/A,;C;"1,""C,G,Am,F,C/E,Dm7,Bâ™­,F/A,"""
dalida/le-temps-des-fleurs;Chords;Em;Em;;
dalida/le-temps-des-fleurs;Chords;Am;Em,Am;;
dalida/le-temps-des-fleurs;Chords;B7;Em,Am,B7;;
dalida/le-temps-des-fleurs;Chords;E7;Em,Am,B7,E7;;
dalida/le-temps-des-fleurs;Chords;Fâ™¯7;Em,Am,B7,E7,Fâ™¯7;;
dalida/le-temps-des-fleurs;Chords;D7;Em,Am,B7,E7,Fâ™¯7,D7;;
dalida/le-temps-des-fleurs;Chords;G;Em,Am,B7,E7,Fâ™¯7,D7,G;;
dalida/le-temps-des-fleurs;Key;;Em,Am,B7,E7,Fâ™¯7,D7,G,;E;"1,""Em,Am,B7,E7,Fâ™¯7,D7,G,"""
carlos/juste-un-rigolo;Chords;G;G;;
carlos/juste-un-rigolo;Chords;E7;G,E7;;
carlos/juste-un-rigolo;Chords;Am7;G,E7,Am7;;
carlos/juste-un-rigolo;Chords;D7;G,E7,Am7,D7;;
carlos/juste-un-rigolo;Chords;Gmaj9;G,E7,Am7,D7,Gmaj9;;
carlos/juste-un-rigolo;Chords;G6;G,E7,Am7,D7,Gmaj9,G6;;
carlos/juste-un-rigolo;Chords;G(dim);G,E7,Am7,D7,Gmaj9,G6,G(dim);;
carlos/juste-un-rigolo;Chords;Dm7;G,E7,Am7,D7,Gmaj9,G6,G(dim),Dm7;;
carlos/juste-un-rigolo;Chords;Am;G,E7,Am7,D7,Gmaj9,G6,G(dim),Dm7,Am;;
carlos/juste-un-rigolo;Chords;Cm;G,E7,Am7,D7,Gmaj9,G6,G(dim),Dm7,Am,Cm;;
carlos/juste-un-rigolo;Chords;Gmaj7;G,E7,Am7,D7,Gmaj9,G6,G(dim),Dm7,Am,Cm,Gmaj7;;
carlos/juste-un-rigolo;Chords;G7;G,E7,Am7,D7,Gmaj9,G6,G(dim),Dm7,Am,Cm,Gmaj7,G7;;
carlos/juste-un-rigolo;Chords;F;G,E7,Am7,D7,Gmaj9,G6,G(dim),Dm7,Am,Cm,Gmaj7,G7,F;;
carlos/juste-un-rigolo;Chords;Fâ™¯7;G,E7,Am7,D7,Gmaj9,G6,G(dim),Dm7,Am,Cm,Gmaj7,G7,F,Fâ™¯7;;
carlos/juste-un-rigolo;Chords;F7;G,E7,Am7,D7,Gmaj9,G6,G(dim),Dm7,Am,Cm,Gmaj7,G7,F,Fâ™¯7,F7;;
carlos/juste-un-rigolo;Chords;E9;G,E7,Am7,D7,Gmaj9,G6,G(dim),Dm7,Am,Cm,Gmaj7,G7,F,Fâ™¯7,F7,E9;;
carlos/juste-un-rigolo;Chords;A9;G,E7,Am7,D7,Gmaj9,G6,G(dim),Dm7,Am,Cm,Gmaj7,G7,F,Fâ™¯7,F7,E9,A9;;
carlos/juste-un-rigolo;Chords;D9;G,E7,Am7,D7,Gmaj9,G6,G(dim),Dm7,Am,Cm,Gmaj7,G7,F,Fâ™¯7,F7,E9,A9,D9;;
carlos/juste-un-rigolo;Chords;C;G,E7,Am7,D7,Gmaj9,G6,G(dim),Dm7,Am,Cm,Gmaj7,G7,F,Fâ™¯7,F7,E9,A9,D9,C;;
carlos/juste-un-rigolo;Chords;A7;G,E7,Am7,D7,Gmaj9,G6,G(dim),Dm7,Am,Cm,Gmaj7,G7,F,Fâ™¯7,F7,E9,A9,D9,C,A7;;
carlos/juste-un-rigolo;Chords;Fâ™¯/G;G,E7,Am7,D7,Gmaj9,G6,G(dim),Dm7,Am,Cm,Gmaj7,G7,F,Fâ™¯7,F7,E9,A9,D9,C,A7,Fâ™¯/G;;
carlos/juste-un-rigolo;Key;;G,E7,Am7,D7,Gmaj9,G6,G(dim),Dm7,Am,Cm,Gmaj7,G7,F,Fâ™¯7,F7,E9,A9,D9,C,A7,Fâ™¯/G,;G;"1,""G,E7,Am7,D7,Gmaj9,G6,G(dim),Dm7,Am,Cm,Gmaj7,G7,F,Fâ™¯7,F7,E9,A9,D9,C,A7,Fâ™¯/G,"""
henri-salvador/jardin-d-hiver;Chords;Câ™¯7(â™­9);Câ™¯7(â™­9);;
henri-salvador/jardin-d-hiver;Chords;Fâ™¯m7;Câ™¯7(â™­9),Fâ™¯m7;;
henri-salvador/jardin-d-hiver;Chords;Câ™¯7;Câ™¯7(â™­9),Fâ™¯m7,Câ™¯7;;
henri-salvador/jardin-d-hiver;Chords;Fâ™¯m;Câ™¯7(â™­9),Fâ™¯m7,Câ™¯7,Fâ™¯m;;
henri-salvador/jardin-d-hiver;Chords;Bm7;Câ™¯7(â™­9),Fâ™¯m7,Câ™¯7,Fâ™¯m,Bm7;;
henri-salvador/jardin-d-hiver;Chords;E9/B;Câ™¯7(â™­9),Fâ™¯m7,Câ™¯7,Fâ™¯m,Bm7,E9/B;;
henri-salvador/jardin-d-hiver;Chords;Amaj7;Câ™¯7(â™­9),Fâ™¯m7,Câ™¯7,Fâ™¯m,Bm7,E9/B,Amaj7;;
henri-salvador/jardin-d-hiver;Key;;Câ™¯7(â™­9),Fâ™¯m7,Câ™¯7,Fâ™¯m,Bm7,E9/B,Amaj7,;F;"1,""Câ™¯7(â™­9),Fâ™¯m7,Câ™¯7,Fâ™¯m,Bm7,E9/B,Amaj7,"""
rocco-granata/marina;Chords;C;C;;
rocco-granata/marina;Chords;G;C,G;;
rocco-granata/marina;Chords;Dm7;C,G,Dm7;;
rocco-granata/marina;Chords;Dm;C,G,Dm7,Dm;;
rocco-granata/marina;Chords;G7;C,G,Dm7,Dm,G7;;
rocco-granata/marina;Key;;C,G,Dm7,Dm,G7,;C;"1,""C,G,Dm7,Dm,G7,"""
styx/boat-on-the-river;Chords;Dm;Dm;;
styx/boat-on-the-river;Chords;C;Dm,C;;
styx/boat-on-the-river;Chords;A7;Dm,C,A7;;
styx/boat-on-the-river;Chords;G;Dm,C,A7,G;;
styx/boat-on-the-river;Chords;E;Dm,C,A7,G,E;;
styx/boat-on-the-river;Key;;Dm,C,A7,G,E,;D;"1,""Dm,C,A7,G,E,"""
cat-stevens/lady-d-arbanville;Chords;Bm;Bm;;
cat-stevens/lady-d-arbanville;Chords;Em;Bm,Em;;
cat-stevens/lady-d-arbanville;Chords;D;Bm,Em,D;;
cat-stevens/lady-d-arbanville;Key;;Bm,Em,D,;E;"1,""Bm,Em,D,"""
joe-dassin/les-champs-elysees;Chords;G;G;;
joe-dassin/les-champs-elysees;Chords;D/Fâ™¯;G,D/Fâ™¯;;
joe-dassin/les-champs-elysees;Chords;Em;G,D/Fâ™¯,Em;;
joe-dassin/les-champs-elysees;Chords;G7/D;G,D/Fâ™¯,Em,G7/D;;
joe-dassin/les-champs-elysees;Chords;C;G,D/Fâ™¯,Em,G7/D,C;;
joe-dassin/les-champs-elysees;Chords;G/B;G,D/Fâ™¯,Em,G7/D,C,G/B;;
joe-dassin/les-champs-elysees;Chords;A7;G,D/Fâ™¯,Em,G7/D,C,G/B,A7;;
joe-dassin/les-champs-elysees;Chords;D7;G,D/Fâ™¯,Em,G7/D,C,G/B,A7,D7;;
joe-dassin/les-champs-elysees;Chords;B7;G,D/Fâ™¯,Em,G7/D,C,G/B,A7,D7,B7;;
joe-dassin/les-champs-elysees;Chords;G7;G,D/Fâ™¯,Em,G7/D,C,G/B,A7,D7,B7,G7;;
joe-dassin/les-champs-elysees;Chords;B7/Fâ™¯;G,D/Fâ™¯,Em,G7/D,C,G/B,A7,D7,B7,G7,B7/Fâ™¯;;
joe-dassin/les-champs-elysees;Chords;Am7;G,D/Fâ™¯,Em,G7/D,C,G/B,A7,D7,B7,G7,B7/Fâ™¯,Am7;;
joe-dassin/les-champs-elysees;Key;;G,D/Fâ™¯,Em,G7/D,C,G/B,A7,D7,B7,G7,B7/Fâ™¯,Am7,;G;"1,""G,D/Fâ™¯,Em,G7/D,C,G/B,A7,D7,B7,G7,B7/Fâ™¯,Am7,"""
folklore/aupres-de-ma-blonde;Chords;C;C;;
folklore/aupres-de-ma-blonde;Chords;Am;C,Am;;
folklore/aupres-de-ma-blonde;Chords;Em;C,Am,Em;;
folklore/aupres-de-ma-blonde;Chords;A;C,Am,Em,A;;
folklore/aupres-de-ma-blonde;Chords;Dm;C,Am,Em,A,Dm;;
folklore/aupres-de-ma-blonde;Chords;G7;C,Am,Em,A,Dm,G7;;
folklore/aupres-de-ma-blonde;Chords;G;C,Am,Em,A,Dm,G7,G;;
folklore/aupres-de-ma-blonde;Key;;C,Am,Em,A,Dm,G7,G,;C;"1,""C,Am,Em,A,Dm,G7,G,"""
yodelice/five-thousand-nights;Chords;Am;Am;;
yodelice/five-thousand-nights;Chords;C;Am,C;;
yodelice/five-thousand-nights;Chords;Em;Am,C,Em;;
yodelice/five-thousand-nights;Chords;F;Am,C,Em,F;;
yodelice/five-thousand-nights;Chords;Dm;Am,C,Em,F,Dm;;
yodelice/five-thousand-nights;Key;;Am,C,Em,F,Dm,;A;"1,""Am,C,Em,F,Dm,"""
louis-jean-cormier/l%E2%80%99ironie-du-sort;Chords;G(dim);G(dim);;
louis-jean-cormier/l%E2%80%99ironie-du-sort;Chords;F;G(dim),F;;
louis-jean-cormier/l%E2%80%99ironie-du-sort;Chords;Dm;G(dim),F,Dm;;
louis-jean-cormier/l%E2%80%99ironie-du-sort;Chords;Bâ™­maj7;G(dim),F,Dm,Bâ™­maj7;;
louis-jean-cormier/l%E2%80%99ironie-du-sort;Chords;Am;G(dim),F,Dm,Bâ™­maj7,Am;;
louis-jean-cormier/l%E2%80%99ironie-du-sort;Chords;Bâ™­;G(dim),F,Dm,Bâ™­maj7,Am,Bâ™­;;
louis-jean-cormier/l%E2%80%99ironie-du-sort;Chords;Câ™¯(dim);G(dim),F,Dm,Bâ™­maj7,Am,Bâ™­,Câ™¯(dim);;
louis-jean-cormier/l%E2%80%99ironie-du-sort;Chords;D;G(dim),F,Dm,Bâ™­maj7,Am,Bâ™­,Câ™¯(dim),D;;
louis-jean-cormier/l%E2%80%99ironie-du-sort;Chords;Gm;G(dim),F,Dm,Bâ™­maj7,Am,Bâ™­,Câ™¯(dim),D,Gm;;
louis-jean-cormier/l%E2%80%99ironie-du-sort;Chords;Bâ™­m;G(dim),F,Dm,Bâ™­maj7,Am,Bâ™­,Câ™¯(dim),D,Gm,Bâ™­m;;
louis-jean-cormier/l%E2%80%99ironie-du-sort;Key;;G(dim),F,Dm,Bâ™­maj7,Am,Bâ™­,Câ™¯(dim),D,Gm,Bâ™­m,;F;"1,""G(dim),F,Dm,Bâ™­maj7,Am,Bâ™­,Câ™¯(dim),D,Gm,Bâ™­m,"""
eddy-mitchell/couleur-menthe-a-l-eau;Chords;F;F;;
eddy-mitchell/couleur-menthe-a-l-eau;Chords;G(sus4);F,G(sus4);;
eddy-mitchell/couleur-menthe-a-l-eau;Chords;G;F,G(sus4),G;;
eddy-mitchell/couleur-menthe-a-l-eau;Chords;Am;F,G(sus4),G,Am;;
eddy-mitchell/couleur-menthe-a-l-eau;Chords;Bm7;F,G(sus4),G,Am,Bm7;;
eddy-mitchell/couleur-menthe-a-l-eau;Chords;E;F,G(sus4),G,Am,Bm7,E;;
eddy-mitchell/couleur-menthe-a-l-eau;Chords;Fmaj7;F,G(sus4),G,Am,Bm7,E,Fmaj7;;
eddy-mitchell/couleur-menthe-a-l-eau;Chords;Cmaj9/D;F,G(sus4),G,Am,Bm7,E,Fmaj7,Cmaj9/D;;
eddy-mitchell/couleur-menthe-a-l-eau;Chords;C;F,G(sus4),G,Am,Bm7,E,Fmaj7,Cmaj9/D,C;;
eddy-mitchell/couleur-menthe-a-l-eau;Chords;Cmaj7/B;F,G(sus4),G,Am,Bm7,E,Fmaj7,Cmaj9/D,C,Cmaj7/B;;
eddy-mitchell/couleur-menthe-a-l-eau;Chords;C6/A;F,G(sus4),G,Am,Bm7,E,Fmaj7,Cmaj9/D,C,Cmaj7/B,C6/A;;
eddy-mitchell/couleur-menthe-a-l-eau;Chords;A;F,G(sus4),G,Am,Bm7,E,Fmaj7,Cmaj9/D,C,Cmaj7/B,C6/A,A;;
eddy-mitchell/couleur-menthe-a-l-eau;Key;;F,G(sus4),G,Am,Bm7,E,Fmaj7,Cmaj9/D,C,Cmaj7/B,C6/A,A,;A;"1,""F,G(sus4),G,Am,Bm7,E,Fmaj7,Cmaj9/D,C,Cmaj7/B,C6/A,A,"""
loudon-wainwright-iii/the-swimming-song;Chords;G;G;;
loudon-wainwright-iii/the-swimming-song;Chords;D(sus2);G,D(sus2);;
loudon-wainwright-iii/the-swimming-song;Chords;Em;G,D(sus2),Em;;
loudon-wainwright-iii/the-swimming-song;Chords;C;G,D(sus2),Em,C;;
loudon-wainwright-iii/the-swimming-song;Chords;D7;G,D(sus2),Em,C,D7;;
loudon-wainwright-iii/the-swimming-song;Key;;G,D(sus2),Em,C,D7,;G;"1,""G,D(sus2),Em,C,D7,"""
thomas-fersen/louise;Chords;Am;Am;;
thomas-fersen/louise;Chords;Dm;Am,Dm;;
thomas-fersen/louise;Chords;E7;Am,Dm,E7;;
thomas-fersen/louise;Chords;G;Am,Dm,E7,G;;
thomas-fersen/louise;Chords;C;Am,Dm,E7,G,C;;
thomas-fersen/louise;Key;;Am,Dm,E7,G,C,;A;"1,""Am,Dm,E7,G,C,"""
les-frangines/demain-des-l-aube;Chords;Em;Em;;
les-frangines/demain-des-l-aube;Chords;C;Em,C;;
les-frangines/demain-des-l-aube;Chords;G;Em,C,G;;
les-frangines/demain-des-l-aube;Chords;D;Em,C,G,D;;
les-frangines/demain-des-l-aube;Key;;Em,C,G,D,;E;"1,""Em,C,G,D,"""
counting-crows/accidentally-in-love;Chords;G;G;;
counting-crows/accidentally-in-love;Chords;C;G,C;;
counting-crows/accidentally-in-love;Chords;D;G,C,D;;
counting-crows/accidentally-in-love;Chords;Em;G,C,D,Em;;
counting-crows/accidentally-in-love;Chords;A;G,C,D,Em,A;;
counting-crows/accidentally-in-love;Chords;Am;G,C,D,Em,A,Am;;
counting-crows/accidentally-in-love;Key;;G,C,D,Em,A,Am,;C;"1,""G,C,D,Em,A,Am,"""
